ID_Cliente,Edad,Prima_Seguro,Tipo_Seguro,Genero,Antiguedad_Cliente_Anios,Reclamos_Anuales,Provincia,Canal_Contratacion,Tiene_Descuento,Satisfaccion_Cliente
1002,63,24068.44,Salud,M,8,2,Corrientes,Teléfono,0,3
1003,35,7457.25,Salud,F,3,1,Santa Fe,Online,0,3
1004,26,10430.74,Vida,F,4,4,Salta,Agente,0,4
1005,71,8365.58,Salud,F,2,0,Entre Ríos,Sucursal,0,4
1006,58,10823.1,Auto,F,13,1,Chaco,Teléfono,0,3
1007,47,8860.58,Salud,M,1,3,Mendoza,Sucursal,1,3
1008,21,9810.93,Auto,F,11,1,Chaco,Online,0,3
1009,52,4644.76,Hogar,F,13,1,Entre Ríos,Sucursal,0,3
1010,31,9799.64,Viaje,F,6,3,Chaco,Online,0,3
1011,31,15982.62,Vida,M,10,1,Tucumán,Sucursal,0,3
1012,70,7132.11,Tecnología,M,4,0,Corrientes,Sucursal,0,2
1013,65,10178.39,Auto,M,10,1,Entre Ríos,Online,0,5
1014,54,9131.48,Hogar,F,9,3,Mendoza,Agente,0,4
1015,37,10767.51,Auto,F,13,0,Buenos Aires,Agente,0,2
1016,46,12035.95,Vida,F,2,1,Santa Fe,Teléfono,1,1
1017,40,12412.32,Auto,F,14,0,Corrientes,Teléfono,0,4
1018,73,14020.86,Auto,F,1,0,Misiones,Sucursal,0,4
1019,64,8301.3,Auto,F,9,1,Mendoza,Sucursal,0,5
1020,38,11897.35,Salud,M,5,3,Tucumán,Online,1,2
1021,48,12859.46,Auto,Otro,9,3,Santa Fe,Agente,0,1
1022,49,8114.16,Salud,F,5,2,Salta,Teléfono,0,5
1023,58,5060.52,Auto,M,2,0,Mendoza,Teléfono,0,2
1024,24,10762.37,Auto,F,14,4,Tucumán,Agente,0,4
1025,30,10540.87,Hogar,M,12,1,Entre Ríos,Sucursal,0,1
1026,40,6155.4,Tecnología,M,8,2,Entre Ríos,Sucursal,0,4
1027,25,8558.71,Auto,M,0,0,Misiones,Agente,0,2
1028,29,8099.47,Auto,F,2,2,Córdoba,Sucursal,0,3
1029,53,10095.77,Salud,F,12,2,Mendoza,Sucursal,0,3
1030,33,11063.74,Hogar,F,0,1,Chaco,Online,1,5
1031,43,8898.25,Salud,F,6,0,Mendoza,Sucursal,0,1
1032,46,9629.81,Auto,M,1,2,Santa Fe,Teléfono,1,2
1033,46,7196.66,Hogar,M,10,0,Corrientes,Sucursal,0,1
1034,23,6127.96,Auto,M,10,2,Salta,Sucursal,0,4
1035,54,11715.45,Hogar,M,11,1,Santa Fe,Online,0,3
1036,50,11280.62,Salud,M,3,1,Córdoba,Sucursal,0,3
1037,48,13739.54,Salud,F,3,1,Misiones,Agente,0,2
1038,63,7428.75,Vida,F,13,2,Santa Fe,Online,1,3
1039,58,7010.64,Viaje,M,12,1,Buenos Aires,Online,0,3
1040,35,12329.24,Auto,F,7,0,Misiones,Online,1,3
1041,55,17565.0,Auto,F,10,2,Tucumán,Agente,0,4
1042,64,5917.3,Vida,F,3,0,Entre Ríos,Sucursal,0,1
1043,48,11526.4,Vida,M,2,1,Córdoba,Agente,1,3
1044,33,11363.77,Auto,M,9,2,Buenos Aires,Sucursal,0,4
1045,57,10267.68,Vida,F,11,5,Salta,Sucursal,0,5
1046,68,11803.8,Hogar,M,2,3,Tucumán,Teléfono,0,4
1047,54,10106.44,Salud,M,4,3,Corrientes,Online,0,2
1048,31,13448.47,Salud,M,5,1,Salta,Online,1,3
1049,56,10563.27,Vida,M,6,3,Córdoba,Sucursal,0,2
1050,21,13463.44,Auto,M,12,2,Entre Ríos,Online,0,2
1051,47,9971.82,Vida,M,4,0,Buenos Aires,Online,1,3
1052,70,12068.45,Salud,F,6,2,Chaco,Online,1,4
1053,50,13000.64,Auto,F,3,2,Entre Ríos,Online,0,1
1054,53,6959.9,Hogar,F,4,0,Entre Ríos,Online,0,2
1055,47,7807.5,Tecnología,F,5,1,Salta,Teléfono,0,3
1056,31,5198.03,Auto,F,8,2,Corrientes,Online,0,2
1057,40,7308.19,Auto,F,5,1,Tucumán,Online,0,3
1058,65,11600.86,Auto,F,9,2,Misiones,Online,0,2
1059,45,8930.24,Vida,F,13,2,Santa Fe,Sucursal,0,2
1060,24,7114.71,Viaje,F,10,3,Misiones,Sucursal,0,3
1061,59,13892.54,Vida,M,0,3,Tucumán,Teléfono,0,4
1062,27,7822.03,Hogar,M,11,2,Chaco,Teléfono,0,3
1063,21,14584.24,Vida,M,10,2,Santa Fe,Online,0,4
1064,61,13010.91,Vida,F,6,1,Entre Ríos,Online,0,2
1065,55,13665.97,Vida,F,13,4,Corrientes,Online,0,4
1066,30,13612.65,Auto,F,10,2,Mendoza,Agente,0,3
1067,38,13119.43,Vida,F,12,3,Tucumán,Sucursal,0,4
1068,50,13347.12,Hogar,M,10,2,Mendoza,Online,0,3
1069,57,12975.98,Auto,F,2,1,Misiones,Online,0,2
1070,45,10448.78,Vida,M,5,1,Entre Ríos,Sucursal,1,2
1071,40,10186.3,Tecnología,M,1,0,Salta,Online,1,3
1072,49,10149.67,Hogar,F,14,1,Salta,Teléfono,0,1
1073,65,7060.64,Tecnología,M,13,1,Corrientes,Sucursal,0,5
1074,22,10885.56,Auto,F,11,2,Entre Ríos,Sucursal,1,2
1075,43,16923.15,Salud,F,6,2,Tucumán,Sucursal,1,3
1076,56,11711.37,Auto,M,0,2,Corrientes,Online,1,2
1077,43,15341.58,Auto,Otro,12,1,Santa Fe,Sucursal,0,1
1078,20,15431.23,Vida,M,1,1,Santa Fe,Teléfono,1,3
1079,41,13810.27,Vida,M,8,0,Entre Ríos,Online,0,3
1080,70,9708.76,Salud,F,8,3,Corrientes,Sucursal,0,4
1081,51,11625.87,Vida,F,6,4,Buenos Aires,Teléfono,0,1
1082,51,12442.91,Vida,F,1,0,Mendoza,Online,0,5
1083,37,10037.42,Viaje,F,4,1,Corrientes,Sucursal,0,3
1084,72,11313.33,Hogar,F,3,2,Chaco,Online,0,5
1085,47,10836.24,Auto,M,1,1,Mendoza,Teléfono,1,2
1086,59,10820.96,Auto,M,1,0,Buenos Aires,Online,0,4
1087,37,11171.14,Hogar,M,9,1,Tucumán,Sucursal,1,3
1088,58,10174.94,Salud,M,7,3,Buenos Aires,Online,0,3
1089,35,14912.67,Auto,F,4,0,Misiones,Online,0,1
1090,55,4820.29,Auto,M,7,1,Chaco,Teléfono,0,3
1091,37,14272.37,Auto,M,1,0,Entre Ríos,Sucursal,0,1
1092,23,11783.15,Vida,F,1,1,Tucumán,Teléfono,1,3
1093,74,13397.1,Auto,M,10,0,Mendoza,Sucursal,0,3
1094,59,11490.56,Auto,F,10,1,Entre Ríos,Sucursal,0,4
1095,42,13244.62,Vida,M,2,0,Santa Fe,Teléfono,1,5
1096,58,15119.9,Salud,M,10,1,Chaco,Online,0,2
1097,58,11602.64,Hogar,M,9,1,Tucumán,Online,0,3
1098,20,10831.3,Vida,Otro,7,2,Tucumán,Online,0,3
1099,61,13355.7,Auto,M,14,1,Buenos Aires,Online,0,4
1100,60,6259.94,Viaje,F,7,2,Corrientes,Online,0,5
1101,63,9616.67,Hogar,F,2,2,Chaco,Agente,0,5
1102,74,9611.94,Tecnología,F,0,2,Entre Ríos,Teléfono,0,5
1103,36,9550.03,Tecnología,F,6,3,Buenos Aires,Agente,0,4
1104,27,14482.76,Salud,M,3,1,Mendoza,Agente,1,5
1105,68,9498.17,Auto,F,2,1,Mendoza,Sucursal,1,3
1106,22,14834.3,Vida,Otro,4,1,Misiones,Online,0,5
1107,39,8449.24,Auto,M,11,1,Corrientes,Sucursal,0,4
1108,26,12300.67,Viaje,F,5,1,Córdoba,Teléfono,0,2
1109,50,12803.65,Salud,F,13,2,Mendoza,Sucursal,0,1
1110,32,4440.75,Tecnología,F,0,1,Corrientes,Sucursal,0,2
1111,41,8227.28,Vida,M,11,0,Santa Fe,Online,1,4
1112,47,12311.84,Vida,M,11,0,Corrientes,Sucursal,1,3
1113,53,12684.43,Vida,F,8,0,Tucumán,Online,0,2
1114,56,14484.14,Hogar,M,5,1,Entre Ríos,Online,0,4
1115,23,6633.75,Hogar,M,2,0,Tucumán,Teléfono,0,2
1116,32,12148.26,Vida,M,0,1,Tucumán,Online,1,4
1117,55,6266.3,Viaje,M,12,2,Mendoza,Agente,1,4
1118,56,10658.87,Vida,F,8,2,Misiones,Online,0,5
1119,69,12578.94,Viaje,F,1,1,Salta,Agente,0,2
1120,39,5933.24,Viaje,M,13,1,Corrientes,Sucursal,0,5
1121,20,13807.89,Vida,Otro,9,0,Salta,Teléfono,0,3
1122,70,10682.27,Hogar,F,5,1,Salta,Online,0,3
1123,46,12081.44,Vida,F,5,0,Salta,Sucursal,0,3
1124,46,10758.59,Hogar,F,11,2,Buenos Aires,Teléfono,0,3
1125,48,7189.95,Auto,F,2,2,Salta,Online,0,5
1126,62,13760.81,Hogar,F,10,3,Mendoza,Online,0,3
1127,19,11239.69,Tecnología,F,5,1,Córdoba,Online,0,5
1128,52,10549.54,Auto,M,13,2,Salta,Online,0,2
1129,62,20195.1,Vida,F,1,2,Buenos Aires,Online,0,3
1130,26,11463.4,Salud,F,7,0,Buenos Aires,Sucursal,1,3
1131,39,13391.4,Vida,F,12,0,Tucumán,Online,0,3
1132,36,16713.64,Vida,M,0,3,Salta,Sucursal,0,5
1133,67,11663.49,Salud,M,5,0,Córdoba,Teléfono,0,4
1134,54,6086.13,Hogar,Otro,13,2,Corrientes,Sucursal,0,3
1135,27,5737.78,Auto,M,0,2,Chaco,Online,0,4
1136,63,11951.66,Tecnología,F,8,2,Mendoza,Sucursal,0,3
1137,38,8057.44,Hogar,F,12,1,Mendoza,Online,1,1
1138,34,11436.36,Vida,M,12,2,Corrientes,Online,0,3
1139,20,8283.52,Vida,M,8,2,Tucumán,Online,1,3
1140,24,12747.94,Auto,M,5,0,Corrientes,Agente,0,5
1141,58,6216.88,Tecnología,M,5,1,Mendoza,Teléfono,0,1
1142,54,11420.58,Salud,M,8,1,Tucumán,Online,0,3
1143,53,11253.68,Auto,F,13,0,Corrientes,Sucursal,1,1
1144,20,5271.91,Tecnología,M,4,0,Santa Fe,Online,1,2
1145,30,12274.96,Salud,M,8,2,Chaco,Agente,1,3
1146,58,13085.52,Hogar,F,4,0,Salta,Agente,0,2
1147,47,13561.83,Vida,M,13,1,Chaco,Online,0,4
1148,40,10659.0,Auto,M,13,1,Tucumán,Online,0,3
1149,24,12638.31,Vida,F,3,1,Entre Ríos,Sucursal,0,2
1150,47,9299.88,Auto,F,1,2,Corrientes,Sucursal,0,3
1151,46,18647.49,Vida,F,1,1,Entre Ríos,Online,0,1
1152,25,9310.49,Vida,F,14,1,Salta,Sucursal,0,4
1153,27,8844.59,Viaje,F,12,2,Corrientes,Online,0,1
1154,50,13502.58,Salud,F,0,1,Mendoza,Sucursal,0,1
1155,37,13044.1,Auto,F,9,2,Salta,Online,1,3
1156,46,11042.14,Viaje,F,13,1,Misiones,Teléfono,0,5
1157,46,12055.94,Vida,M,2,1,Mendoza,Sucursal,0,4
1158,70,13344.67,Vida,F,0,3,Salta,Sucursal,0,2
1159,38,11183.47,Auto,F,12,1,Salta,Teléfono,0,2
1160,18,3167.68,Viaje,F,5,2,Santa Fe,Sucursal,0,3
1161,68,5204.78,Viaje,M,13,2,Mendoza,Online,1,4
1162,51,10992.28,Salud,F,10,0,Santa Fe,Online,0,3
1163,61,7446.4,Viaje,F,12,2,Santa Fe,Online,0,3
1164,72,6721.79,Hogar,F,6,0,Corrientes,Online,0,2
1165,49,10276.56,Viaje,Otro,8,1,Mendoza,Teléfono,0,2
1166,62,9625.3,Hogar,M,13,1,Mendoza,Online,0,3
1167,31,9619.59,Auto,F,6,0,Salta,Online,0,2
1168,54,8157.49,Vida,F,3,1,Mendoza,Teléfono,0,2
1169,52,12075.23,Vida,F,13,1,Salta,Sucursal,1,2
1170,41,3086.62,Auto,F,3,2,Córdoba,Sucursal,0,3
1171,66,10111.87,Auto,M,7,1,Mendoza,Online,0,1
1172,18,10253.76,Auto,M,3,2,Córdoba,Online,0,3
1173,63,10234.79,Hogar,M,0,1,Chaco,Sucursal,0,5
1174,23,5828.72,Auto,F,8,1,Misiones,Teléfono,0,1
1175,66,11178.24,Auto,M,2,2,Entre Ríos,Online,1,3
1176,21,6606.42,Hogar,F,13,2,Salta,Sucursal,1,4
1177,55,6125.06,Tecnología,F,0,1,Chaco,Agente,0,3
1178,18,15292.76,Salud,M,8,0,Mendoza,Sucursal,0,2
1179,58,14615.28,Hogar,F,10,2,Corrientes,Sucursal,1,1
1180,48,7782.72,Tecnología,M,10,2,Córdoba,Teléfono,1,3
1181,53,9574.44,Vida,M,13,1,Mendoza,Teléfono,0,3
1182,26,9731.68,Hogar,F,14,2,Tucumán,Sucursal,0,2
1183,58,11927.57,Hogar,M,12,1,Misiones,Teléfono,1,4
1184,71,11262.49,Hogar,F,9,0,Tucumán,Sucursal,0,4
1185,62,18063.56,Auto,F,13,2,Misiones,Teléfono,0,2
1186,40,7611.66,Hogar,M,9,1,Misiones,Agente,0,4
1187,48,12999.75,Vida,M,4,3,Chaco,Sucursal,1,2
1188,46,17193.98,Vida,F,11,2,Tucumán,Sucursal,0,3
1189,66,18461.56,Salud,M,14,2,Córdoba,Sucursal,0,2
1190,38,4504.81,Hogar,Otro,13,2,Tucumán,Teléfono,0,3
1191,20,12788.25,Salud,F,8,1,Buenos Aires,Teléfono,1,2
1192,43,16954.69,Vida,M,2,3,Chaco,Online,0,3
1193,23,13211.29,Tecnología,M,5,0,Córdoba,Teléfono,1,2
1194,37,11129.49,Hogar,M,10,3,Entre Ríos,Teléfono,1,4
1195,64,7912.31,Viaje,F,11,1,Córdoba,Teléfono,0,1
1196,63,9697.79,Salud,M,10,3,Tucumán,Teléfono,0,2
1197,30,19210.92,Vida,F,11,0,Corrientes,Online,0,2
1198,58,14648.4,Vida,M,6,2,Entre Ríos,Sucursal,1,1
1199,40,7967.81,Auto,M,4,1,Salta,Teléfono,0,4
1200,32,7113.69,Tecnología,F,11,0,Tucumán,Agente,0,5
1201,63,11383.02,Auto,F,7,3,Salta,Online,0,4
1202,48,13947.38,Vida,M,9,1,Córdoba,Sucursal,0,4
1203,21,6960.95,Hogar,M,5,1,Corrientes,Teléfono,0,1
1204,28,7744.52,Hogar,F,11,2,Buenos Aires,Teléfono,0,2
1205,71,7037.96,Vida,F,5,1,Buenos Aires,Sucursal,0,3
1206,19,10629.47,Viaje,M,12,1,Chaco,Online,1,5
1207,33,8475.95,Hogar,F,6,1,Santa Fe,Teléfono,0,3
1208,68,8812.64,Tecnología,F,7,0,Santa Fe,Teléfono,0,3
1209,48,16802.34,Vida,M,11,4,Misiones,Teléfono,1,2
1210,65,11154.65,Auto,F,12,0,Salta,Teléfono,0,2
1211,56,10149.33,Auto,F,1,2,Mendoza,Sucursal,0,3
1212,60,13878.72,Salud,F,6,0,Mendoza,Agente,1,4
1213,61,10683.78,Auto,M,8,1,Entre Ríos,Teléfono,1,1
1214,21,12325.41,Hogar,F,12,1,Salta,Sucursal,0,4
1215,65,11404.81,Auto,M,0,1,Córdoba,Agente,1,5
1216,45,8089.0,Hogar,M,12,3,Misiones,Agente,0,4
1217,33,16597.47,Salud,F,14,3,Córdoba,Teléfono,0,5
1218,56,12636.21,Hogar,M,11,2,Chaco,Sucursal,1,1
1219,42,6639.59,Auto,F,0,1,Mendoza,Sucursal,0,5
1220,30,14415.16,Auto,M,6,1,Corrientes,Online,0,3
1221,22,10131.78,Hogar,F,12,1,Buenos Aires,Online,0,4
1222,47,11148.99,Auto,M,13,2,Buenos Aires,Sucursal,0,2
1223,18,15151.53,Vida,F,4,0,Misiones,Sucursal,0,3
1224,22,10077.33,Vida,F,0,2,Mendoza,Online,0,1
1225,71,13233.95,Auto,M,13,0,Buenos Aires,Agente,0,1
1226,31,8368.06,Hogar,F,14,2,Santa Fe,Sucursal,0,5
1227,28,5592.62,Hogar,M,12,1,Santa Fe,Sucursal,0,4
1228,51,7015.61,Hogar,F,0,2,Entre Ríos,Sucursal,0,3
1229,73,14272.81,Vida,F,1,1,Salta,Online,0,3
1230,46,7096.33,Hogar,M,10,1,Chaco,Teléfono,1,4
1231,35,13375.19,Hogar,F,9,2,Entre Ríos,Online,0,3
1232,32,17082.49,Salud,M,8,1,Buenos Aires,Sucursal,0,4
1233,63,14196.96,Auto,M,11,0,Santa Fe,Sucursal,0,3
1234,42,12525.54,Vida,F,11,1,Misiones,Sucursal,0,3
1235,47,13008.04,Vida,M,2,2,Mendoza,Sucursal,0,5
1236,62,6635.72,Hogar,F,8,3,Santa Fe,Online,0,3
1237,19,16275.24,Salud,F,5,2,Tucumán,Online,0,3
1238,68,13614.45,Vida,M,12,0,Chaco,Sucursal,0,5
1239,57,10988.26,Hogar,F,9,1,Buenos Aires,Teléfono,0,5
1240,44,17627.01,Vida,F,5,3,Córdoba,Sucursal,0,5
1241,71,11189.13,Salud,M,6,1,Entre Ríos,Online,0,3
1242,66,7607.72,Tecnología,M,9,4,Buenos Aires,Online,1,3
1243,32,13081.68,Vida,M,10,4,Tucumán,Sucursal,1,2
1244,49,6485.27,Viaje,M,7,2,Corrientes,Sucursal,0,1
1245,37,9754.1,Auto,M,10,1,Chaco,Online,1,4
1246,70,14002.08,Vida,M,14,2,Salta,Sucursal,0,2
1247,31,9315.1,Auto,F,2,0,Santa Fe,Online,0,3
1248,44,13939.72,Auto,Otro,7,1,Entre Ríos,Sucursal,0,5
1249,20,6989.5,Vida,F,14,1,Santa Fe,Online,0,5
1250,66,17189.7,Salud,M,5,0,Tucumán,Agente,0,1
1251,20,10852.96,Hogar,M,5,0,Entre Ríos,Online,0,3
1252,30,10151.31,Vida,M,10,1,Córdoba,Sucursal,1,4
1253,42,7108.98,Hogar,M,13,3,Corrientes,Agente,1,3
1254,35,4149.29,Hogar,F,2,3,Mendoza,Online,1,4
1255,18,7893.27,Auto,F,5,1,Córdoba,Sucursal,1,4
1256,56,12177.94,Hogar,M,10,2,Entre Ríos,Online,1,3
1257,72,9579.79,Hogar,F,12,0,Santa Fe,Online,0,3
1258,22,15699.69,Vida,M,7,0,Misiones,Sucursal,0,3
1259,19,8385.35,Auto,F,12,1,Salta,Agente,0,3
1260,47,12314.55,Auto,M,6,2,Buenos Aires,Sucursal,0,3
1261,34,9708.12,Vida,M,9,0,Corrientes,Sucursal,0,4
1262,46,9021.88,Vida,F,14,2,Chaco,Sucursal,1,5
1263,70,9432.18,Hogar,M,9,2,Entre Ríos,Sucursal,1,2
1264,59,8661.34,Auto,M,6,0,Buenos Aires,Sucursal,0,5
1265,21,5352.94,Hogar,F,2,2,Santa Fe,Online,0,3
1266,26,12221.89,Salud,M,9,1,Santa Fe,Online,1,4
1267,38,8719.48,Viaje,M,13,0,Santa Fe,Sucursal,0,2
1268,60,17639.26,Salud,F,2,2,Entre Ríos,Teléfono,0,2
1269,29,12766.21,Auto,M,4,1,Salta,Online,1,3
1270,29,15954.82,Vida,F,11,0,Córdoba,Sucursal,1,3
1271,67,12550.98,Auto,F,4,0,Tucumán,Online,0,2
1272,21,10041.53,Hogar,F,8,0,Salta,Online,1,4
1273,45,6970.4,Auto,M,12,0,Córdoba,Sucursal,0,3
1274,26,13384.55,Salud,M,8,2,Buenos Aires,Teléfono,0,5
1275,57,14209.57,Vida,F,9,2,Mendoza,Sucursal,0,3
1276,68,17116.67,Vida,F,4,1,Mendoza,Online,0,2
1277,73,14660.44,Vida,F,11,1,Mendoza,Agente,0,3
1278,49,13801.06,Auto,M,13,3,Buenos Aires,Online,1,5
1279,30,6720.01,Hogar,F,4,0,Santa Fe,Teléfono,0,3
1280,51,11149.15,Vida,M,5,0,Entre Ríos,Sucursal,0,1
1281,36,13455.39,Vida,F,12,1,Mendoza,Sucursal,0,5
1282,31,16973.33,Salud,M,12,0,Córdoba,Agente,0,2
1283,22,9720.62,Auto,M,7,1,Chaco,Teléfono,1,3
1284,44,12751.45,Salud,M,5,3,Buenos Aires,Online,0,3
1285,45,11167.85,Hogar,F,13,0,Misiones,Online,0,3
1286,43,8470.92,Vida,M,10,2,Tucumán,Online,0,2
1287,27,13288.51,Hogar,M,12,2,Córdoba,Online,1,5
1288,41,6531.94,Viaje,M,12,2,Mendoza,Agente,0,5
1289,34,4963.88,Auto,F,11,0,Santa Fe,Online,0,3
1290,69,12422.72,Vida,Otro,13,0,Entre Ríos,Sucursal,1,2
1291,33,17550.0,Vida,F,5,5,Salta,Teléfono,0,2
1292,34,11852.74,Auto,F,8,0,Misiones,Teléfono,0,2
1293,18,12145.5,Auto,M,0,0,Mendoza,Sucursal,1,3
1294,38,13124.84,Salud,M,13,1,Santa Fe,Teléfono,0,3
1295,71,10190.97,Auto,M,3,2,Entre Ríos,Online,1,1
1296,64,6291.5,Auto,F,9,0,Salta,Teléfono,0,3
1297,66,3341.22,Tecnología,F,12,0,Tucumán,Online,0,4
1298,60,13886.95,Salud,M,9,1,Corrientes,Agente,0,4
1299,39,13899.51,Auto,F,11,4,Entre Ríos,Online,1,3
1300,22,13038.43,Vida,M,1,1,Tucumán,Online,1,4
1301,53,14256.7,Vida,M,8,2,Misiones,Sucursal,0,3
1302,38,18523.01,Salud,F,2,1,Mendoza,Teléfono,0,3
1303,73,14480.69,Salud,F,9,1,Buenos Aires,Teléfono,0,4
1304,26,12430.7,Salud,M,10,2,Corrientes,Online,0,4
1305,44,8089.06,Auto,F,1,0,Tucumán,Online,0,3
1306,65,18922.19,Vida,F,7,1,Buenos Aires,Online,1,3
1307,29,11638.01,Auto,F,3,2,Buenos Aires,Sucursal,1,5
1308,35,7655.1,Auto,F,10,2,Buenos Aires,Sucursal,1,3
1309,71,9210.91,Salud,M,1,2,Buenos Aires,Sucursal,0,3
1310,52,13865.93,Auto,M,3,2,Chaco,Sucursal,1,4
1311,32,8648.32,Vida,M,6,0,Córdoba,Sucursal,1,2
1312,67,19758.43,Salud,F,14,0,Misiones,Agente,0,3
1313,61,2718.84,Hogar,M,13,4,Entre Ríos,Online,0,5
1314,47,14282.14,Auto,Otro,6,0,Santa Fe,Sucursal,0,3
1315,62,14924.14,Salud,M,0,3,Misiones,Sucursal,0,2
1316,50,8866.84,Viaje,M,12,2,Mendoza,Online,1,3
1317,53,12515.89,Salud,F,11,2,Entre Ríos,Sucursal,0,2
1318,57,18414.87,Vida,M,11,1,Santa Fe,Online,1,3
1319,68,12524.42,Auto,F,0,0,Tucumán,Online,0,2
1320,70,8116.19,Auto,M,2,0,Mendoza,Sucursal,1,3
1321,47,6583.55,Vida,M,1,3,Salta,Online,1,3
1322,43,10817.56,Auto,M,2,2,Misiones,Online,0,3
1323,38,8477.59,Viaje,M,3,1,Tucumán,Sucursal,1,3
1324,54,5740.33,Hogar,M,13,3,Buenos Aires,Sucursal,0,2
1325,60,12119.98,Vida,F,6,2,Tucumán,Online,0,3
1326,74,11331.22,Salud,F,1,0,Tucumán,Online,0,3
1327,48,13112.52,Salud,M,6,0,Misiones,Sucursal,0,2
1328,73,14789.25,Vida,F,14,3,Chaco,Teléfono,1,4
1329,73,12188.37,Viaje,F,4,0,Tucumán,Agente,0,4
1330,34,9357.78,Tecnología,F,14,3,Tucumán,Online,0,2
1331,34,6816.76,Viaje,F,7,3,Córdoba,Online,1,1
1332,51,14401.21,Salud,Otro,7,1,Misiones,Online,0,1
1333,41,13230.88,Salud,F,4,2,Mendoza,Sucursal,0,3
1334,50,7870.58,Vida,M,9,3,Entre Ríos,Sucursal,0,2
1335,21,11205.14,Auto,M,7,1,Corrientes,Sucursal,0,1
1336,26,15265.85,Auto,F,11,2,Salta,Teléfono,0,3
1337,19,10179.18,Auto,M,13,3,Tucumán,Sucursal,0,5
1338,52,6035.99,Auto,F,8,2,Tucumán,Agente,0,3
1339,55,9625.67,Hogar,M,6,1,Entre Ríos,Online,0,4
1340,62,7182.29,Auto,F,5,0,Córdoba,Online,0,2
1341,32,10363.11,Viaje,F,6,3,Misiones,Online,1,1
1342,60,15037.02,Salud,F,6,1,Córdoba,Online,0,1
1343,59,10019.99,Auto,F,2,1,Misiones,Agente,1,5
1344,20,9189.3,Auto,M,5,1,Mendoza,Online,1,3
1345,48,12337.17,Salud,F,5,2,Corrientes,Sucursal,1,3
1346,69,13318.97,Salud,M,10,0,Corrientes,Online,0,3
1347,58,6942.47,Viaje,F,8,2,Salta,Online,1,4
1348,74,5164.5,Tecnología,M,0,0,Buenos Aires,Online,1,3
1349,59,10067.4,Tecnología,M,12,1,Tucumán,Online,0,3
1350,70,8736.5,Hogar,M,6,0,Salta,Sucursal,0,5
1351,72,11079.37,Auto,F,0,1,Misiones,Agente,0,3
1352,74,14338.48,Salud,M,9,0,Misiones,Sucursal,0,3
1353,73,11515.56,Auto,F,12,4,Misiones,Sucursal,0,3
1354,40,8891.64,Salud,F,3,0,Santa Fe,Online,0,4
1355,29,6543.52,Vida,M,12,1,Mendoza,Teléfono,0,2
1356,25,10789.58,Salud,Otro,6,0,Chaco,Online,1,2
1357,70,11688.21,Auto,M,5,1,Chaco,Agente,0,4
1358,38,9714.17,Vida,M,5,4,Córdoba,Sucursal,0,3
1359,38,10926.51,Vida,M,4,2,Chaco,Online,0,5
1360,49,13376.42,Viaje,Otro,10,0,Entre Ríos,Sucursal,0,3
1361,34,5165.08,Auto,M,6,2,Misiones,Agente,0,3
1362,71,7111.18,Viaje,F,8,0,Tucumán,Online,1,1
1363,54,19778.11,Salud,M,13,0,Córdoba,Online,0,4
1364,41,12853.9,Salud,F,5,1,Tucumán,Online,0,3
1365,25,10379.06,Salud,F,9,2,Córdoba,Sucursal,0,3
1366,35,15848.5,Vida,M,6,2,Tucumán,Online,1,2
1367,28,10331.89,Auto,F,8,2,Misiones,Teléfono,1,5
1368,71,9652.15,Auto,F,6,0,Entre Ríos,Agente,0,3
1369,27,8802.83,Viaje,F,5,0,Entre Ríos,Agente,0,2
1370,43,10726.62,Salud,M,2,1,Buenos Aires,Online,1,5
1371,64,7741.9,Auto,Otro,13,2,Misiones,Sucursal,1,4
1372,23,11560.81,Vida,F,0,1,Salta,Online,0,3
1373,68,7152.51,Hogar,F,9,3,Entre Ríos,Sucursal,0,5
1374,34,10269.4,Auto,F,8,0,Córdoba,Teléfono,0,1
1375,40,13251.83,Vida,M,6,2,Buenos Aires,Sucursal,0,1
1376,59,12835.92,Auto,M,14,0,Mendoza,Teléfono,0,3
1377,54,13541.79,Auto,M,2,1,Misiones,Teléfono,0,2
1378,45,8435.66,Hogar,F,9,2,Misiones,Online,0,5
1379,33,13653.1,Vida,M,8,1,Santa Fe,Sucursal,0,4
1380,29,11544.44,Auto,M,2,2,Buenos Aires,Online,1,3
1381,38,10199.55,Hogar,F,2,1,Córdoba,Online,1,4
1382,41,8991.48,Auto,F,12,3,Misiones,Online,0,1
1383,45,7522.81,Auto,F,13,1,Misiones,Agente,1,3
1384,54,11820.5,Auto,Otro,6,1,Buenos Aires,Sucursal,0,5
1385,38,5586.12,Auto,M,1,1,Misiones,Sucursal,0,4
1386,50,9663.44,Auto,M,9,1,Buenos Aires,Teléfono,0,3
1387,19,3852.29,Salud,M,13,1,Corrientes,Teléfono,1,2
1388,54,6198.99,Hogar,M,6,1,Mendoza,Teléfono,1,2
1389,72,8207.89,Auto,M,6,5,Tucumán,Online,1,3
1390,36,13275.99,Auto,F,0,1,Chaco,Sucursal,0,3
1391,45,12242.3,Auto,F,12,4,Tucumán,Sucursal,1,1
1392,32,10981.22,Salud,M,9,3,Tucumán,Sucursal,1,3
1393,18,11003.42,Hogar,M,10,0,Mendoza,Online,0,4
1394,60,12940.97,Auto,F,1,0,Misiones,Online,1,3
1395,45,9048.34,Hogar,F,4,1,Chaco,Agente,0,2
1396,67,7870.76,Vida,F,13,1,Misiones,Online,1,5
1397,52,9848.24,Auto,F,3,2,Entre Ríos,Sucursal,0,2
1398,49,11871.85,Vida,F,13,2,Entre Ríos,Online,0,4
1399,45,6368.86,Hogar,M,2,4,Tucumán,Online,1,2
1400,26,11169.38,Auto,M,9,0,Corrientes,Online,0,3
1401,41,13019.39,Vida,M,13,3,Buenos Aires,Sucursal,0,3
1402,21,14367.65,Salud,M,10,1,Salta,Agente,0,3
1403,73,13336.5,Vida,M,7,1,Corrientes,Online,1,3
1404,62,11444.61,Hogar,F,6,1,Salta,Online,0,2
1405,58,11697.18,Vida,F,8,1,Corrientes,Sucursal,1,3
1406,20,9704.46,Hogar,F,2,3,Mendoza,Online,1,3
1407,65,11857.91,Salud,M,9,0,Córdoba,Agente,0,2
1408,39,10190.38,Vida,F,0,2,Buenos Aires,Online,0,5
1409,57,14150.18,Auto,M,8,2,Santa Fe,Sucursal,0,4
1410,56,5617.75,Vida,F,8,2,Misiones,Sucursal,0,4
1411,74,15289.47,Vida,M,11,0,Buenos Aires,Teléfono,0,3
1412,72,8168.65,Hogar,F,11,1,Tucumán,Sucursal,0,2
1413,66,7072.41,Viaje,M,0,0,Corrientes,Online,0,3
1414,42,13935.52,Salud,F,13,4,Salta,Online,0,4
1415,65,6453.58,Auto,F,7,1,Misiones,Agente,1,1
1416,70,6963.95,Viaje,M,13,1,Buenos Aires,Teléfono,0,3
1417,39,7267.15,Hogar,Otro,13,1,Tucumán,Online,1,3
1418,67,12495.1,Salud,M,9,1,Buenos Aires,Teléfono,0,2
1419,65,10435.52,Salud,M,0,2,Córdoba,Sucursal,0,3
1420,64,17543.64,Vida,M,5,1,Córdoba,Sucursal,0,5
1421,51,14002.54,Hogar,M,8,0,Tucumán,Online,0,4
1422,37,3920.52,Viaje,F,2,1,Corrientes,Teléfono,1,2
1423,53,11926.89,Auto,F,5,2,Mendoza,Online,0,3
1424,54,12801.33,Auto,F,2,6,Salta,Teléfono,0,2
1425,56,10917.46,Hogar,Otro,10,2,Tucumán,Online,0,3
1426,44,7059.25,Viaje,M,13,2,Córdoba,Teléfono,0,4
1427,64,8190.78,Viaje,M,4,3,Misiones,Online,0,3
1428,66,8502.24,Auto,F,10,1,Corrientes,Online,0,4
1429,49,7644.41,Viaje,F,13,2,Chaco,Online,0,3
1430,59,7162.6,Auto,Otro,6,0,Misiones,Online,0,3
1431,69,7660.42,Tecnología,F,10,2,Salta,Sucursal,0,3
1432,46,7275.9,Vida,M,9,2,Tucumán,Online,1,4
1433,58,9929.63,Auto,F,11,1,Tucumán,Agente,0,3
1434,65,7116.41,Auto,F,3,0,Córdoba,Sucursal,0,5
1435,49,10958.74,Auto,M,3,1,Mendoza,Sucursal,0,4
1436,41,8441.6,Auto,F,6,1,Córdoba,Online,0,4
1437,20,13817.03,Salud,F,4,1,Córdoba,Sucursal,0,4
1438,71,13584.34,Auto,M,0,4,Chaco,Online,0,2
1439,44,10818.9,Tecnología,M,10,1,Mendoza,Teléfono,0,3
1440,26,3743.99,Vida,M,14,2,Mendoza,Online,0,3
1441,57,9558.86,Vida,M,9,1,Entre Ríos,Teléfono,1,3
1442,40,9466.51,Auto,F,12,1,Mendoza,Online,1,4
1443,24,9375.74,Viaje,F,14,2,Misiones,Agente,0,1
1444,34,6676.34,Vida,M,11,4,Misiones,Online,0,2
1445,54,6430.29,Viaje,F,12,2,Santa Fe,Online,0,4
1446,24,7700.71,Tecnología,F,14,0,Salta,Sucursal,1,1
1447,47,10603.44,Auto,M,1,2,Entre Ríos,Agente,1,2
1448,30,11238.46,Auto,F,5,2,Santa Fe,Sucursal,0,3
1449,35,14502.87,Salud,M,12,1,Mendoza,Online,0,4
1450,48,9341.84,Viaje,F,11,0,Buenos Aires,Sucursal,1,3
1451,39,12719.38,Vida,F,8,0,Misiones,Agente,1,5
1452,31,9449.35,Hogar,F,6,1,Entre Ríos,Online,0,2
1453,35,14210.48,Vida,M,3,2,Corrientes,Online,0,4
1454,52,3921.69,Hogar,F,14,1,Entre Ríos,Teléfono,0,2
1455,34,14486.91,Auto,M,11,0,Misiones,Teléfono,0,2
1456,36,3848.79,Hogar,M,11,3,Salta,Teléfono,0,3
1457,48,7412.31,Auto,F,14,2,Chaco,Agente,0,1
1458,56,8993.1,Hogar,M,12,2,Tucumán,Online,1,3
1459,70,9245.22,Tecnología,M,1,0,Chaco,Sucursal,1,3
1460,53,2646.56,Salud,M,3,4,Corrientes,Sucursal,1,2
1461,32,8356.72,Viaje,F,13,3,Buenos Aires,Teléfono,0,4
1462,46,15833.39,Salud,M,4,1,Santa Fe,Teléfono,0,3
1463,73,12216.3,Hogar,M,1,3,Mendoza,Agente,0,5
1464,57,10729.35,Salud,F,0,0,Misiones,Online,0,4
1465,33,7753.12,Viaje,F,3,0,Chaco,Online,0,2
1466,50,7213.67,Viaje,F,10,3,Chaco,Online,0,3
1467,42,10843.8,Vida,F,12,0,Córdoba,Sucursal,0,3
1468,33,7392.47,Auto,F,5,0,Entre Ríos,Online,0,4
1469,47,7924.56,Auto,F,0,0,Santa Fe,Teléfono,0,4
1470,74,11834.53,Auto,F,0,4,Salta,Online,0,3
1471,51,7973.23,Tecnología,M,8,1,Mendoza,Online,0,1
1472,19,10418.97,Hogar,M,4,1,Salta,Sucursal,1,3
1473,57,9151.54,Viaje,M,1,0,Mendoza,Teléfono,0,4
1474,61,11370.85,Hogar,M,10,2,Santa Fe,Online,0,4
1475,60,15154.19,Vida,F,13,1,Córdoba,Teléfono,0,4
1476,55,5660.28,Auto,F,1,1,Mendoza,Sucursal,1,3
1477,68,8230.65,Auto,M,3,0,Corrientes,Online,0,1
1478,35,8771.56,Hogar,F,10,1,Córdoba,Online,1,5
1479,22,11846.3,Vida,F,1,2,Entre Ríos,Teléfono,0,5
1480,64,8697.25,Auto,F,3,2,Buenos Aires,Online,0,2
1481,57,16362.08,Salud,F,14,2,Buenos Aires,Agente,1,2
1482,23,14179.87,Hogar,F,10,2,Tucumán,Sucursal,0,3
1483,29,13541.56,Salud,F,12,2,Entre Ríos,Online,0,4
1484,68,10811.94,Auto,F,5,0,Buenos Aires,Online,0,3
1485,29,14750.73,Vida,M,6,2,Mendoza,Online,0,2
1486,29,5058.94,Auto,F,5,2,Tucumán,Sucursal,0,3
1487,26,12959.64,Salud,M,3,2,Córdoba,Sucursal,0,3
1488,73,12177.59,Hogar,M,9,2,Entre Ríos,Teléfono,0,3
1489,59,10199.76,Vida,M,2,2,Mendoza,Online,1,3
1490,39,5730.24,Viaje,F,3,2,Chaco,Online,0,4
1491,66,10049.04,Auto,M,11,1,Buenos Aires,Online,0,3
1492,67,10403.12,Auto,F,4,2,Corrientes,Online,0,3
1493,33,9749.72,Salud,F,3,1,Buenos Aires,Sucursal,0,3
1494,21,18722.52,Vida,M,2,0,Buenos Aires,Agente,0,3
1495,67,9253.59,Auto,F,0,1,Mendoza,Sucursal,0,3
1496,20,6315.85,Hogar,F,2,1,Buenos Aires,Teléfono,1,3
1497,33,9972.55,Auto,F,10,0,Tucumán,Online,0,3
1498,31,12706.62,Auto,F,4,1,Salta,Online,0,5
1499,73,9773.54,Hogar,F,12,2,Entre Ríos,Online,0,4
1500,58,14879.57,Salud,Otro,13,1,Chaco,Online,0,3
1501,55,7371.22,Hogar,F,14,2,Chaco,Sucursal,1,5
1502,21,16744.99,Vida,F,5,0,Córdoba,Online,0,4
1503,19,9553.85,Viaje,M,11,1,Mendoza,Teléfono,0,5
1504,72,12339.25,Hogar,M,13,1,Entre Ríos,Agente,1,2
1505,27,14148.06,Salud,M,12,2,Misiones,Online,1,4
1506,28,10235.99,Viaje,M,3,3,Misiones,Teléfono,0,3
1507,56,8059.11,Auto,M,0,0,Santa Fe,Sucursal,1,4
1508,43,8201.47,Hogar,M,9,1,Entre Ríos,Online,0,2
1509,74,10632.96,Tecnología,F,12,0,Mendoza,Agente,0,3
1510,54,10859.48,Tecnología,M,6,3,Misiones,Online,0,3
1511,43,7175.57,Auto,M,12,2,Entre Ríos,Teléfono,0,4
1512,21,10796.77,Auto,M,8,0,Salta,Online,0,4
1513,43,9144.9,Auto,Otro,14,2,Misiones,Online,0,2
1514,55,7807.42,Hogar,F,12,1,Entre Ríos,Sucursal,0,2
1515,45,10162.1,Hogar,F,5,4,Chaco,Teléfono,0,4
1516,19,15598.13,Vida,Otro,13,0,Tucumán,Online,0,3
1517,19,9306.24,Viaje,F,5,2,Mendoza,Online,1,3
1518,33,8531.22,Hogar,M,8,4,Buenos Aires,Sucursal,0,4
1519,74,15142.01,Salud,F,3,3,Chaco,Online,0,4
1520,40,9310.07,Auto,M,4,1,Salta,Sucursal,0,2
1521,40,11433.32,Auto,M,4,1,Mendoza,Teléfono,0,3
1522,30,16538.51,Vida,F,13,0,Santa Fe,Teléfono,0,4
1523,38,4567.81,Auto,F,11,0,Tucumán,Teléfono,1,4
1524,56,11553.13,Hogar,F,4,1,Mendoza,Agente,0,2
1525,42,5057.12,Viaje,M,7,1,Entre Ríos,Teléfono,1,2
1526,54,13817.9,Auto,M,10,0,Salta,Agente,0,2
1527,74,11110.42,Salud,F,0,2,Santa Fe,Online,1,5
1528,66,6615.82,Hogar,F,9,1,Corrientes,Sucursal,0,3
1529,30,12111.99,Auto,M,10,2,Buenos Aires,Agente,1,3
1530,32,13203.56,Vida,M,14,0,Entre Ríos,Sucursal,0,1
1531,45,9552.84,Salud,F,9,0,Tucumán,Teléfono,0,1
1532,20,6067.5,Hogar,F,10,0,Buenos Aires,Online,0,3
1533,40,11490.69,Vida,M,2,7,Buenos Aires,Teléfono,0,3
1534,21,5600.8,Viaje,M,14,2,Salta,Sucursal,0,3
1535,64,9524.85,Salud,M,7,3,Mendoza,Online,0,2
1536,67,10887.96,Auto,M,14,1,Chaco,Online,1,3
1537,20,9419.45,Salud,M,10,4,Córdoba,Online,0,4
1538,56,13646.26,Vida,M,8,1,Mendoza,Agente,0,2
1539,25,18065.5,Salud,M,1,0,Chaco,Sucursal,0,4
1540,60,9228.61,Hogar,F,11,1,Chaco,Agente,0,2
1541,42,10677.92,Auto,F,3,1,Tucumán,Sucursal,0,2
1542,71,18968.81,Vida,F,13,4,Santa Fe,Agente,0,3
1543,58,6611.0,Hogar,M,7,1,Mendoza,Sucursal,0,5
1544,69,16261.52,Vida,M,4,0,Santa Fe,Online,0,3
1545,29,10799.43,Viaje,F,0,2,Córdoba,Online,0,3
1546,22,10242.21,Viaje,M,5,1,Mendoza,Agente,1,3
1547,50,12729.37,Hogar,F,13,2,Misiones,Online,0,2
1548,63,10331.44,Hogar,F,8,1,Salta,Online,0,2
1549,42,10225.48,Vida,F,8,0,Mendoza,Online,0,5
1550,42,15677.36,Vida,M,10,1,Buenos Aires,Online,0,2
1551,74,10205.69,Tecnología,M,0,0,Entre Ríos,Teléfono,0,3
1552,52,15812.26,Vida,M,3,2,Córdoba,Sucursal,1,5
1553,32,10342.39,Auto,M,0,0,Salta,Sucursal,1,2
1554,59,9962.36,Vida,F,6,0,Corrientes,Agente,0,3
1555,43,12751.93,Vida,M,2,2,Buenos Aires,Sucursal,0,2
1556,27,15032.25,Vida,F,1,0,Entre Ríos,Teléfono,1,2
1557,41,15439.14,Vida,F,13,2,Mendoza,Online,0,2
1558,52,9238.39,Auto,F,7,2,Santa Fe,Agente,0,3
1559,46,11227.27,Auto,F,8,1,Corrientes,Online,0,4
1560,55,6278.05,Hogar,F,14,1,Entre Ríos,Teléfono,0,3
1561,22,11682.38,Hogar,F,6,2,Santa Fe,Sucursal,1,5
1562,41,8155.9,Auto,M,5,1,Chaco,Online,1,2
1563,36,15708.4,Salud,F,9,1,Mendoza,Online,0,3
1564,63,6756.74,Hogar,M,12,1,Santa Fe,Online,1,3
1565,66,11080.69,Viaje,F,10,0,Entre Ríos,Online,0,2
1566,61,11395.05,Auto,F,5,4,Entre Ríos,Sucursal,1,2
1567,26,8011.27,Auto,F,8,0,Misiones,Agente,0,3
1568,43,11158.39,Hogar,F,4,1,Corrientes,Sucursal,0,4
1569,42,8696.51,Auto,F,4,0,Entre Ríos,Sucursal,0,5
1570,52,10306.5,Viaje,M,1,1,Salta,Online,0,2
1571,67,9816.19,Auto,M,5,1,Santa Fe,Online,0,4
1572,53,5227.38,Hogar,F,13,0,Mendoza,Sucursal,0,4
1573,31,6199.56,Viaje,F,11,1,Chaco,Agente,1,3
1574,73,8653.96,Hogar,M,11,2,Salta,Teléfono,1,2
1575,23,13892.52,Auto,F,11,1,Misiones,Online,0,5
1576,49,11742.86,Hogar,F,5,3,Chaco,Sucursal,1,3
1577,43,13489.65,Hogar,M,5,0,Chaco,Sucursal,1,5
1578,32,14767.5,Auto,M,3,1,Corrientes,Sucursal,0,3
1579,66,8323.12,Hogar,M,10,1,Corrientes,Sucursal,0,3
1580,48,12420.29,Salud,M,14,1,Entre Ríos,Teléfono,1,2
1581,73,7904.62,Viaje,F,6,2,Corrientes,Online,0,5
1582,54,8593.34,Auto,F,14,2,Buenos Aires,Agente,0,2
1583,55,5385.89,Auto,F,8,0,Tucumán,Online,0,1
1584,70,10559.44,Auto,M,0,2,Entre Ríos,Sucursal,0,3
1585,54,8061.92,Vida,M,2,0,Corrientes,Agente,1,3
1586,36,9274.57,Hogar,F,9,0,Misiones,Sucursal,0,2
1587,31,20315.2,Salud,F,14,2,Mendoza,Online,1,3
1588,53,11347.3,Salud,F,14,1,Chaco,Online,1,3
1589,54,10975.63,Auto,F,8,2,Buenos Aires,Sucursal,0,3
1590,28,14926.61,Vida,F,13,1,Mendoza,Online,1,1
1591,44,11110.8,Auto,M,4,0,Mendoza,Sucursal,0,3
1592,19,10894.33,Auto,Otro,5,0,Córdoba,Online,0,2
1593,39,9293.39,Auto,F,7,2,Santa Fe,Teléfono,1,2
1594,19,9452.34,Auto,F,8,2,Santa Fe,Online,0,4
1595,37,8949.96,Vida,F,7,0,Misiones,Sucursal,1,3
1596,61,15059.64,Vida,F,2,1,Entre Ríos,Sucursal,0,2
1597,65,5760.9,Auto,F,9,1,Córdoba,Sucursal,1,3
1598,34,9482.18,Tecnología,M,0,3,Misiones,Online,0,2
1599,21,5700.75,Hogar,F,10,2,Chaco,Sucursal,0,2
1600,31,12857.17,Auto,Otro,12,0,Salta,Sucursal,0,3
1601,24,9167.01,Auto,M,11,2,Salta,Online,0,4
1602,32,8016.43,Vida,M,12,2,Córdoba,Teléfono,0,4
1603,47,8828.6,Tecnología,F,4,3,Santa Fe,Teléfono,0,3
1604,33,15048.5,Vida,M,6,2,Salta,Online,0,3
1605,57,7684.32,Viaje,F,1,1,Santa Fe,Sucursal,0,4
1606,19,10991.53,Hogar,F,0,1,Entre Ríos,Sucursal,0,2
1607,36,3647.29,Hogar,F,3,1,Tucumán,Online,0,2
1608,18,7588.06,Vida,M,2,1,Mendoza,Online,1,3
1609,48,16380.33,Vida,F,3,1,Chaco,Agente,1,3
1610,72,9160.83,Hogar,F,0,1,Córdoba,Sucursal,0,4
1611,21,4120.02,Viaje,F,1,2,Santa Fe,Agente,0,2
1612,44,8418.11,Auto,F,0,2,Corrientes,Sucursal,0,3
1613,73,7421.5,Hogar,F,2,1,Mendoza,Online,0,4
1614,70,11860.63,Vida,F,3,0,Corrientes,Online,0,3
1615,42,10915.06,Vida,M,12,3,Salta,Teléfono,0,3
1616,39,10782.06,Auto,F,0,2,Tucumán,Sucursal,0,2
1617,60,9426.33,Hogar,M,5,1,Tucumán,Online,0,2
1618,27,12669.35,Hogar,M,1,3,Entre Ríos,Sucursal,0,1
1619,67,13749.78,Vida,F,9,1,Chaco,Teléfono,0,3
1620,50,14701.85,Salud,M,11,2,Salta,Teléfono,1,5
1621,66,17338.05,Salud,M,12,3,Santa Fe,Online,1,4
1622,65,8678.08,Hogar,M,10,1,Mendoza,Online,1,3
1623,61,5286.25,Tecnología,M,4,0,Buenos Aires,Agente,0,4
1624,47,17294.4,Salud,M,7,0,Tucumán,Teléfono,0,3
1625,47,10743.56,Auto,F,11,0,Corrientes,Online,0,3
1626,33,10613.22,Auto,M,12,0,Chaco,Teléfono,0,2
1627,26,7676.68,Hogar,F,3,3,Santa Fe,Online,0,3
1628,34,7797.86,Hogar,M,4,1,Corrientes,Online,1,2
1629,52,10525.13,Viaje,F,8,3,Mendoza,Online,1,3
1630,67,16716.3,Salud,M,1,0,Mendoza,Online,1,4
1631,64,10503.6,Viaje,M,11,2,Salta,Teléfono,1,2
1632,32,12400.64,Auto,M,11,1,Misiones,Sucursal,0,2
1633,65,14199.34,Vida,M,1,1,Corrientes,Online,1,2
1634,45,10711.69,Auto,M,5,0,Santa Fe,Teléfono,1,3
1635,37,9787.7,Auto,M,5,0,Mendoza,Teléfono,0,2
1636,50,16133.55,Vida,F,2,1,Salta,Online,0,3
1637,50,9372.27,Auto,M,11,2,Salta,Sucursal,0,3
1638,53,13432.44,Vida,M,8,1,Entre Ríos,Teléfono,0,3
1639,30,9386.96,Vida,M,12,1,Buenos Aires,Teléfono,0,2
1640,21,10502.45,Salud,M,0,1,Misiones,Teléfono,1,5
1641,40,9650.57,Auto,F,11,0,Córdoba,Online,0,3
1642,25,10036.21,Salud,F,2,5,Mendoza,Online,0,4
1643,30,9095.7,Tecnología,M,7,1,Santa Fe,Teléfono,0,4
1644,41,5476.92,Viaje,M,7,3,Santa Fe,Teléfono,0,3
1645,57,13517.3,Salud,F,3,1,Tucumán,Online,0,2
1646,63,12760.65,Vida,M,7,1,Entre Ríos,Online,1,3
1647,47,4943.0,Hogar,F,10,1,Entre Ríos,Teléfono,0,3
1648,47,11526.42,Salud,M,9,0,Entre Ríos,Online,1,3
1649,42,13914.95,Salud,M,12,1,Santa Fe,Online,0,1
1650,50,13593.37,Vida,F,7,0,Misiones,Online,0,1
1651,26,12144.92,Salud,M,0,4,Salta,Sucursal,1,3
1652,43,11122.22,Hogar,M,2,2,Corrientes,Online,1,2
1653,41,10009.38,Auto,F,0,1,Chaco,Sucursal,0,5
1654,50,12244.37,Vida,F,14,1,Buenos Aires,Online,1,2
1655,56,11152.04,Auto,F,1,3,Mendoza,Agente,0,3
1656,42,11737.5,Hogar,M,3,1,Entre Ríos,Agente,0,4
1657,69,8731.77,Auto,F,2,1,Misiones,Agente,0,4
1658,62,8402.95,Hogar,F,12,1,Santa Fe,Teléfono,0,3
1659,32,10578.86,Salud,F,14,3,Salta,Sucursal,0,2
1660,58,11200.36,Vida,M,10,1,Chaco,Online,0,2
1661,65,14472.15,Auto,M,5,0,Santa Fe,Online,0,3
1662,66,11091.81,Hogar,M,11,0,Salta,Online,0,3
1663,58,7369.51,Auto,F,11,1,Misiones,Online,0,3
1664,23,7728.88,Hogar,M,4,1,Misiones,Sucursal,1,2
1665,37,10301.92,Hogar,M,4,2,Salta,Agente,0,5
1666,61,6670.36,Viaje,F,9,1,Tucumán,Sucursal,0,1
1667,33,8235.32,Auto,F,6,1,Buenos Aires,Sucursal,1,3
1668,38,16451.12,Vida,M,6,2,Santa Fe,Sucursal,0,5
1669,32,7039.9,Viaje,M,8,3,Santa Fe,Online,0,3
1670,56,9669.34,Tecnología,M,7,0,Mendoza,Agente,0,3
1671,59,13942.14,Auto,F,2,2,Tucumán,Sucursal,0,2
1672,21,9526.24,Vida,M,1,1,Chaco,Online,0,5
1673,41,7862.6,Auto,M,0,1,Misiones,Agente,1,1
1674,20,8509.67,Hogar,M,14,2,Entre Ríos,Sucursal,0,3
1675,67,7576.27,Auto,Otro,9,1,Corrientes,Sucursal,0,4
1676,18,13203.61,Salud,M,5,1,Salta,Sucursal,0,1
1677,47,9804.46,Auto,M,12,0,Santa Fe,Teléfono,0,4
1678,30,13171.89,Vida,F,12,1,Misiones,Online,1,5
1679,71,16950.07,Vida,M,3,2,Corrientes,Teléfono,1,3
1680,35,9184.97,Tecnología,F,2,0,Buenos Aires,Agente,0,3
1681,57,13860.03,Vida,M,10,1,Misiones,Sucursal,1,4
1682,28,4773.37,Auto,F,10,1,Santa Fe,Sucursal,1,3
1683,59,11709.28,Auto,M,1,3,Misiones,Teléfono,0,4
1684,46,15097.23,Auto,F,1,1,Corrientes,Online,1,3
1685,21,2273.17,Salud,M,10,0,Buenos Aires,Agente,1,1
1686,42,14360.5,Vida,F,3,2,Chaco,Sucursal,0,2
1687,53,11712.08,Vida,F,0,0,Salta,Sucursal,0,1
1688,53,8093.06,Auto,M,5,3,Misiones,Sucursal,1,2
1689,61,16013.95,Salud,M,9,3,Mendoza,Sucursal,0,1
1690,57,17826.54,Vida,F,10,0,Tucumán,Online,1,3
1691,45,9200.46,Tecnología,F,4,1,Salta,Teléfono,0,2
1692,62,11113.63,Vida,F,9,1,Misiones,Sucursal,0,4
1693,25,6891.33,Hogar,M,8,0,Salta,Teléfono,0,4
1694,38,9741.57,Hogar,Otro,1,1,Misiones,Online,0,3
1695,52,12821.21,Auto,M,8,2,Córdoba,Sucursal,0,3
1696,61,11855.32,Salud,F,8,1,Mendoza,Teléfono,1,2
1697,35,11933.66,Salud,F,9,4,Santa Fe,Agente,0,3
1698,64,18300.5,Auto,Otro,8,4,Mendoza,Teléfono,0,3
1699,42,13286.29,Auto,F,9,2,Buenos Aires,Teléfono,0,4
1700,63,13692.85,Auto,M,9,4,Córdoba,Online,0,1
1701,58,5394.36,Viaje,F,3,4,Mendoza,Teléfono,1,4
1702,22,8175.23,Auto,M,4,2,Corrientes,Online,1,4
1703,64,9826.7,Hogar,M,7,2,Mendoza,Online,0,3
1704,25,7396.88,Auto,F,13,2,Tucumán,Online,0,2
1705,40,13400.99,Hogar,M,7,1,Misiones,Teléfono,0,3
1706,20,17736.09,Salud,M,0,2,Buenos Aires,Online,0,3
1707,61,7509.53,Viaje,F,9,1,Chaco,Online,1,3
1708,54,15345.78,Auto,F,0,0,Santa Fe,Online,0,3
1709,48,12166.18,Vida,M,9,1,Misiones,Sucursal,0,2
1710,46,15933.47,Hogar,F,5,1,Chaco,Teléfono,0,2
1711,58,8069.38,Tecnología,M,6,1,Chaco,Sucursal,1,1
1712,37,11854.53,Auto,F,1,4,Misiones,Sucursal,1,2
1713,20,13949.74,Auto,F,1,1,Mendoza,Online,1,2
1714,40,16252.3,Vida,F,4,1,Tucumán,Online,1,2
1715,57,11874.51,Auto,F,8,3,Entre Ríos,Online,1,2
1716,38,9891.86,Auto,F,4,1,Córdoba,Sucursal,1,4
1717,30,13670.93,Vida,F,7,0,Entre Ríos,Sucursal,1,4
1718,25,9993.36,Salud,M,7,0,Santa Fe,Online,1,3
1719,22,9600.33,Hogar,M,4,2,Salta,Teléfono,0,3
1720,42,8514.75,Vida,M,7,2,Salta,Agente,0,4
1721,56,6472.14,Vida,F,14,2,Salta,Online,0,3
1722,54,12403.89,Vida,M,7,2,Corrientes,Online,0,2
1723,58,16382.4,Vida,F,14,1,Córdoba,Teléfono,1,4
1724,22,14928.86,Vida,F,4,0,Misiones,Online,1,3
1725,25,9924.74,Auto,F,4,2,Chaco,Online,0,3
1726,61,15314.22,Auto,F,3,2,Entre Ríos,Online,0,5
1727,21,7787.35,Hogar,M,0,4,Misiones,Agente,1,3
1728,58,4785.42,Hogar,F,8,0,Mendoza,Sucursal,0,5
1729,71,5672.65,Salud,M,1,0,Córdoba,Online,0,3
1730,39,6437.02,Hogar,F,0,1,Mendoza,Online,1,3
1731,31,12455.72,Auto,M,5,1,Corrientes,Online,0,3
1732,36,8514.29,Auto,M,4,1,Santa Fe,Online,0,4
1733,30,11467.64,Auto,F,10,3,Córdoba,Sucursal,0,1
1734,52,18881.99,Salud,M,14,3,Córdoba,Teléfono,0,3
1735,21,6459.76,Hogar,M,0,2,Chaco,Online,0,4
1736,50,14774.75,Salud,M,6,1,Tucumán,Online,0,3
1737,39,10737.41,Hogar,M,6,1,Salta,Online,0,2
1738,18,6343.34,Viaje,M,2,1,Chaco,Online,0,2
1739,28,10188.42,Tecnología,F,7,1,Entre Ríos,Agente,1,3
1740,33,11094.95,Vida,M,14,2,Entre Ríos,Online,0,4
1741,21,7446.56,Viaje,F,5,2,Entre Ríos,Online,0,3
1742,46,19022.74,Vida,F,3,5,Entre Ríos,Online,0,3
1743,56,9836.23,Viaje,M,9,2,Chaco,Sucursal,0,2
1744,61,16448.52,Salud,F,9,1,Buenos Aires,Agente,0,3
1745,55,10459.78,Tecnología,F,9,0,Santa Fe,Online,0,3
1746,41,9995.97,Vida,F,11,3,Buenos Aires,Sucursal,1,3
1747,69,17664.37,Salud,F,12,1,Chaco,Online,1,5
1748,26,10328.84,Vida,F,14,1,Córdoba,Teléfono,0,4
1749,25,8652.28,Auto,Otro,2,3,Entre Ríos,Sucursal,0,2
1750,31,8630.0,Hogar,F,0,0,Salta,Sucursal,0,3
1751,32,7020.36,Viaje,M,12,1,Buenos Aires,Sucursal,0,1
1752,70,12860.93,Auto,F,1,3,Salta,Agente,1,2
1753,39,12958.44,Vida,M,1,0,Misiones,Sucursal,0,2
1754,54,8311.94,Hogar,Otro,14,3,Santa Fe,Sucursal,1,3
1755,32,11006.26,Hogar,F,12,1,Entre Ríos,Sucursal,1,3
1756,23,7710.84,Viaje,M,10,5,Mendoza,Sucursal,0,3
1757,18,7541.84,Viaje,Otro,4,1,Buenos Aires,Online,0,5
1758,37,12228.22,Vida,M,3,1,Entre Ríos,Online,0,2
1759,58,11754.52,Auto,F,1,3,Buenos Aires,Online,0,3
1760,53,10504.62,Hogar,M,10,1,Mendoza,Sucursal,1,3
1761,19,8281.88,Hogar,M,14,2,Misiones,Sucursal,0,2
1762,23,11347.78,Hogar,F,8,5,Tucumán,Online,0,5
1763,19,9478.41,Auto,F,6,2,Entre Ríos,Sucursal,1,3
1764,20,9771.3,Vida,F,7,2,Entre Ríos,Teléfono,0,5
1765,24,5569.95,Hogar,F,7,3,Santa Fe,Online,0,3
1766,37,15265.34,Vida,M,1,2,Chaco,Online,0,2
1767,66,9690.98,Hogar,F,14,4,Buenos Aires,Teléfono,0,2
1768,58,10107.18,Hogar,F,4,1,Mendoza,Sucursal,0,4
1769,71,13485.96,Auto,M,2,4,Corrientes,Online,0,1
1770,58,6825.18,Tecnología,F,9,0,Mendoza,Sucursal,0,5
1771,68,7913.2,Vida,F,8,2,Córdoba,Sucursal,0,3
1772,22,10311.9,Auto,M,8,0,Salta,Sucursal,0,2
1773,42,13120.87,Vida,F,5,1,Buenos Aires,Sucursal,1,3
1774,55,8058.59,Viaje,F,12,3,Santa Fe,Sucursal,0,2
1775,35,18108.08,Salud,F,3,0,Misiones,Teléfono,0,1
1776,18,4078.41,Salud,M,7,2,Corrientes,Online,1,4
1777,42,13400.15,Auto,M,4,1,Salta,Teléfono,1,3
1778,34,14611.24,Vida,M,2,2,Córdoba,Agente,1,3
1779,63,14828.7,Salud,F,12,2,Misiones,Online,0,2
1780,32,1178.32,Vida,M,10,4,Córdoba,Teléfono,0,1
1781,22,11208.75,Viaje,M,13,2,Entre Ríos,Online,0,3
1782,34,7417.3,Auto,F,7,1,Buenos Aires,Online,1,3
1783,38,8883.85,Auto,M,13,1,Tucumán,Agente,0,4
1784,70,8416.17,Viaje,M,13,3,Entre Ríos,Online,0,3
1785,72,13744.12,Vida,F,11,2,Santa Fe,Online,0,4
1786,40,12058.43,Auto,F,5,0,Mendoza,Sucursal,0,2
1787,60,11832.1,Hogar,F,4,3,Tucumán,Sucursal,0,1
1788,27,10205.67,Viaje,F,0,4,Santa Fe,Sucursal,1,2
1789,34,10935.55,Auto,M,2,0,Salta,Online,1,4
1790,74,11783.79,Auto,M,6,0,Santa Fe,Online,0,4
1791,18,7080.43,Auto,F,2,0,Chaco,Online,1,2
1792,54,6950.19,Viaje,M,0,1,Entre Ríos,Sucursal,0,1
1793,65,10764.78,Viaje,M,7,2,Buenos Aires,Sucursal,0,3
1794,24,14660.93,Vida,F,6,2,Córdoba,Sucursal,0,4
1795,29,14342.35,Vida,M,4,2,Mendoza,Sucursal,0,4
1796,57,8283.96,Hogar,M,11,1,Tucumán,Online,0,2
1797,67,13073.85,Auto,F,9,1,Corrientes,Teléfono,0,3
1798,18,8715.65,Salud,F,4,4,Mendoza,Online,1,4
1799,37,13232.74,Auto,F,5,5,Mendoza,Online,1,2
1800,61,8957.82,Hogar,F,6,3,Misiones,Teléfono,0,3
1801,48,17653.56,Vida,F,12,0,Mendoza,Online,0,3
1802,21,5926.03,Auto,F,2,1,Mendoza,Sucursal,0,2
1803,43,17861.06,Vida,M,10,2,Mendoza,Online,0,5
1804,29,10815.24,Vida,M,11,1,Córdoba,Sucursal,0,5
1805,39,11661.82,Salud,F,13,1,Chaco,Online,0,3
1806,18,10615.81,Auto,F,14,3,Mendoza,Agente,0,2
1807,18,8163.03,Auto,M,11,0,Tucumán,Online,0,4
1808,20,11664.93,Vida,M,3,1,Chaco,Sucursal,0,2
1809,70,6424.74,Tecnología,F,0,1,Mendoza,Teléfono,1,2
1810,29,8262.07,Auto,F,6,1,Tucumán,Sucursal,1,3
1811,71,8883.77,Tecnología,M,9,1,Tucumán,Sucursal,0,3
1812,38,9824.53,Salud,F,1,1,Salta,Sucursal,0,1
1813,30,10211.31,Salud,F,6,1,Entre Ríos,Sucursal,1,3
1814,30,6424.82,Auto,F,5,1,Santa Fe,Teléfono,0,1
1815,70,8440.17,Hogar,F,3,2,Corrientes,Online,0,4
1816,58,14086.91,Auto,F,10,1,Santa Fe,Teléfono,0,5
1817,35,7235.17,Hogar,F,1,0,Misiones,Sucursal,0,4
1818,50,6236.74,Tecnología,M,6,2,Buenos Aires,Teléfono,0,3
1819,23,10663.28,Auto,M,6,2,Corrientes,Online,0,2
1820,42,10914.91,Vida,Otro,4,1,Chaco,Teléfono,0,4
1821,40,16427.43,Auto,F,8,1,Corrientes,Online,1,5
1822,41,12441.15,Salud,F,2,0,Santa Fe,Teléfono,0,2
1823,54,11361.86,Auto,M,8,0,Tucumán,Sucursal,0,3
1824,43,12925.36,Auto,M,4,1,Santa Fe,Sucursal,0,3
1825,21,11521.44,Hogar,F,1,1,Corrientes,Sucursal,0,3
1826,55,13966.51,Salud,F,8,1,Buenos Aires,Online,0,3
1827,52,9976.9,Auto,F,13,0,Corrientes,Sucursal,0,5
1828,66,16126.08,Auto,F,0,1,Tucumán,Online,0,2
1829,28,9905.66,Auto,F,0,2,Chaco,Sucursal,0,3
1830,53,6846.62,Tecnología,Otro,14,0,Tucumán,Teléfono,1,5
1831,42,10020.99,Vida,F,12,1,Mendoza,Online,1,3
1832,37,6926.19,Salud,Otro,6,2,Misiones,Sucursal,0,4
1833,18,14550.25,Vida,M,2,1,Buenos Aires,Sucursal,0,1
1834,47,3912.81,Auto,F,7,0,Tucumán,Online,1,5
1835,21,11891.4,Vida,M,6,1,Buenos Aires,Agente,0,2
1836,40,9736.64,Auto,M,10,2,Salta,Sucursal,1,5
1837,52,15119.91,Hogar,F,12,3,Corrientes,Online,0,2
1838,59,6337.13,Vida,F,6,0,Misiones,Online,0,3
1839,39,9161.41,Vida,M,0,4,Córdoba,Sucursal,0,3
1840,48,10005.74,Auto,M,0,1,Mendoza,Online,1,3
1841,18,9536.8,Auto,M,11,2,Chaco,Online,0,2
1842,21,10886.6,Salud,F,13,3,Santa Fe,Online,1,5
1843,36,12676.54,Salud,F,1,0,Entre Ríos,Sucursal,1,3
1844,47,6906.2,Auto,M,1,1,Entre Ríos,Sucursal,0,3
1845,18,11062.28,Auto,F,10,1,Córdoba,Online,0,2
1846,65,3526.66,Viaje,M,4,4,Corrientes,Sucursal,0,4
1847,36,12869.81,Salud,M,8,2,Mendoza,Agente,0,3
1848,69,6689.29,Tecnología,M,6,1,Buenos Aires,Agente,1,5
1849,38,13074.79,Auto,M,13,1,Chaco,Teléfono,0,3
1850,39,13778.28,Hogar,M,1,0,Corrientes,Teléfono,0,2
1851,67,9659.61,Auto,M,4,3,Corrientes,Online,0,3
1852,19,16409.85,Vida,M,4,1,Misiones,Online,1,4
1853,23,9260.68,Auto,F,7,1,Buenos Aires,Sucursal,0,3
1854,38,7623.15,Auto,Otro,8,1,Entre Ríos,Sucursal,1,4
1855,50,15201.24,Auto,F,7,3,Buenos Aires,Teléfono,1,1
1856,36,13752.52,Vida,F,13,2,Buenos Aires,Online,1,3
1857,44,9451.1,Hogar,F,12,4,Misiones,Sucursal,0,5
1858,54,14473.32,Vida,F,1,0,Corrientes,Sucursal,0,2
1859,46,9176.99,Viaje,M,3,3,Corrientes,Sucursal,0,1
1860,45,12807.73,Salud,F,1,2,Salta,Sucursal,0,4
1861,51,6193.91,Hogar,M,5,3,Buenos Aires,Online,1,3
1862,18,6838.93,Tecnología,F,3,0,Entre Ríos,Agente,0,3
1863,65,11208.14,Hogar,F,14,0,Santa Fe,Sucursal,0,3
1864,42,9982.38,Auto,F,6,2,Corrientes,Sucursal,0,5
1865,38,9384.65,Tecnología,M,12,1,Mendoza,Online,0,4
1866,51,11465.05,Auto,M,1,3,Mendoza,Sucursal,0,3
1867,43,9276.06,Vida,F,8,1,Chaco,Online,0,2
1868,53,6232.07,Hogar,F,13,1,Buenos Aires,Online,0,2
1869,52,11709.16,Vida,Otro,4,0,Chaco,Online,0,4
1870,40,10396.26,Vida,F,0,0,Misiones,Online,0,3
1871,34,11164.88,Auto,M,11,2,Entre Ríos,Sucursal,0,4
1872,64,10006.06,Vida,F,14,2,Buenos Aires,Online,0,3
1873,59,11036.13,Salud,F,10,0,Entre Ríos,Teléfono,1,2
1874,29,13085.94,Auto,F,2,2,Salta,Online,1,3
1875,61,9980.51,Hogar,F,3,2,Tucumán,Online,0,2
1876,37,8337.5,Auto,M,2,0,Tucumán,Teléfono,0,4
1877,56,13221.74,Salud,M,5,1,Buenos Aires,Online,0,4
1878,44,17866.19,Salud,M,12,1,Salta,Online,1,1
1879,59,9351.02,Viaje,M,12,3,Mendoza,Online,1,3
1880,54,12070.62,Auto,M,5,2,Buenos Aires,Teléfono,0,4
1881,37,8201.35,Auto,M,9,1,Chaco,Teléfono,1,3
1882,69,13412.66,Auto,M,12,2,Chaco,Online,0,3
1883,28,16554.79,Auto,F,14,0,Mendoza,Sucursal,0,3
1884,45,9577.73,Vida,F,10,2,Entre Ríos,Sucursal,1,4
1885,19,5026.22,Tecnología,M,6,0,Santa Fe,Agente,0,3
1886,41,9848.86,Hogar,M,13,1,Chaco,Online,0,4
1887,33,9281.01,Tecnología,Otro,8,3,Entre Ríos,Teléfono,1,4
1888,29,9938.68,Auto,M,9,3,Tucumán,Online,0,4
1889,33,6060.28,Viaje,F,8,1,Tucumán,Online,1,5
1890,53,10131.39,Auto,F,6,4,Misiones,Online,0,4
1891,19,9635.71,Viaje,M,10,1,Salta,Teléfono,0,1
1892,42,9200.66,Auto,F,14,0,Salta,Sucursal,0,2
1893,46,9926.33,Viaje,F,0,1,Córdoba,Sucursal,0,1
1894,45,13552.96,Auto,M,2,2,Tucumán,Sucursal,1,2
1895,27,9870.58,Hogar,F,4,3,Mendoza,Sucursal,1,1
1896,62,9550.13,Hogar,M,9,2,Corrientes,Teléfono,0,3
1897,40,11473.36,Hogar,M,11,1,Santa Fe,Online,0,1
1898,49,9407.68,Vida,F,10,3,Misiones,Sucursal,1,3
1899,48,5770.58,Tecnología,F,5,1,Entre Ríos,Online,1,4
1900,36,11193.64,Vida,F,5,0,Mendoza,Sucursal,1,4
1901,32,11198.42,Salud,M,4,0,Misiones,Teléfono,0,5
1902,72,8410.82,Auto,F,5,1,Misiones,Sucursal,0,2
1903,50,18149.02,Vida,F,8,1,Entre Ríos,Teléfono,1,3
1904,34,14769.98,Hogar,Otro,12,1,Tucumán,Online,1,3
1905,69,7994.17,Viaje,F,13,0,Misiones,Sucursal,0,3
1906,53,9759.3,Hogar,F,0,3,Entre Ríos,Online,0,3
1907,37,11459.51,Vida,F,0,3,Misiones,Agente,0,1
1908,26,13205.63,Auto,F,8,2,Santa Fe,Online,1,2
1909,55,14040.52,Auto,Otro,13,3,Misiones,Sucursal,1,4
1910,20,4756.84,Hogar,F,7,1,Buenos Aires,Teléfono,1,4
1911,71,10900.03,Hogar,F,8,1,Tucumán,Agente,0,3
1912,19,6496.24,Auto,M,6,0,Córdoba,Sucursal,0,2
1913,35,15085.25,Auto,M,9,1,Buenos Aires,Online,1,3
1914,40,14540.87,Salud,F,5,1,Santa Fe,Sucursal,0,1
1915,36,7995.79,Auto,M,8,0,Entre Ríos,Online,0,5
1916,24,7797.03,Viaje,M,1,2,Santa Fe,Sucursal,0,4
1917,52,9625.32,Auto,F,14,1,Corrientes,Agente,1,1
1918,67,12014.06,Auto,M,3,1,Corrientes,Online,0,2
1919,37,15456.21,Vida,M,1,3,Misiones,Sucursal,0,3
1920,37,8338.32,Vida,M,13,1,Santa Fe,Teléfono,0,2
1921,36,13956.89,Hogar,M,5,0,Salta,Online,0,5
1922,58,17498.5,Vida,Otro,0,3,Córdoba,Sucursal,0,4
1923,33,7822.86,Auto,M,6,2,Chaco,Teléfono,0,2
1924,55,12486.6,Vida,F,6,4,Corrientes,Agente,1,1
1925,38,17640.13,Vida,F,6,2,Tucumán,Sucursal,0,4
1926,46,12542.3,Hogar,M,13,0,Córdoba,Online,0,3
1927,61,12031.4,Salud,F,3,0,Entre Ríos,Online,1,3
1928,55,16000.19,Salud,M,14,0,Santa Fe,Sucursal,0,2
1929,62,17113.0,Hogar,F,7,1,Tucumán,Online,0,2
1930,41,13378.06,Salud,F,4,0,Misiones,Online,0,3
1931,54,7216.54,Viaje,M,1,1,Buenos Aires,Teléfono,1,3
1932,46,12720.36,Vida,M,4,0,Córdoba,Teléfono,1,2
1933,48,11058.02,Auto,F,11,0,Tucumán,Teléfono,0,2
1934,62,7539.79,Viaje,F,9,0,Mendoza,Online,0,3
1935,69,11804.47,Auto,M,8,1,Buenos Aires,Online,1,4
1936,56,7010.4,Auto,M,9,1,Entre Ríos,Teléfono,0,2
1937,29,7626.17,Hogar,M,0,0,Misiones,Teléfono,1,4
1938,47,15723.85,Salud,F,10,1,Buenos Aires,Teléfono,0,2
1939,70,4851.54,Viaje,F,1,0,Chaco,Agente,0,3
1940,21,14845.3,Vida,M,9,1,Misiones,Teléfono,0,4
1941,47,3646.04,Tecnología,M,7,1,Córdoba,Sucursal,0,3
1942,22,5358.86,Auto,F,12,3,Buenos Aires,Online,0,2
1943,33,8857.8,Auto,M,4,1,Salta,Sucursal,0,2
1944,44,13072.31,Vida,F,11,0,Entre Ríos,Sucursal,0,1
1945,21,10060.53,Tecnología,M,8,0,Córdoba,Online,0,4
1946,25,12137.28,Vida,M,5,3,Tucumán,Teléfono,0,1
1947,65,9871.98,Auto,F,12,6,Tucumán,Online,0,2
1948,25,11743.84,Auto,M,7,2,Entre Ríos,Teléfono,1,2
1949,34,7845.02,Auto,F,14,1,Buenos Aires,Online,1,3
1950,63,9978.54,Hogar,F,11,1,Corrientes,Sucursal,0,4
1951,61,7211.52,Auto,M,0,1,Chaco,Teléfono,0,2
1952,20,8485.83,Viaje,F,8,1,Tucumán,Online,0,3
1953,44,11718.03,Vida,M,8,3,Santa Fe,Sucursal,0,1
1954,69,9776.13,Vida,F,2,1,Misiones,Online,0,3
1955,51,10863.86,Auto,M,0,0,Santa Fe,Teléfono,0,2
1956,62,10956.01,Auto,F,7,2,Entre Ríos,Teléfono,1,2
1957,38,15900.23,Vida,M,7,5,Corrientes,Agente,0,3
1958,60,5087.33,Viaje,M,11,3,Entre Ríos,Teléfono,0,4
1959,41,11862.84,Vida,Otro,8,1,Corrientes,Teléfono,1,4
1960,61,6999.41,Viaje,M,13,0,Chaco,Online,0,3
1961,67,16314.17,Salud,F,5,2,Corrientes,Online,0,2
1962,58,12553.26,Auto,F,8,0,Chaco,Sucursal,0,2
1963,46,11756.67,Auto,M,11,1,Mendoza,Sucursal,1,3
1964,56,9972.55,Vida,M,9,0,Buenos Aires,Teléfono,0,4
1965,23,11443.68,Hogar,F,8,2,Mendoza,Online,0,5
1966,73,6422.14,Auto,F,11,2,Salta,Online,1,3
1967,31,4971.72,Hogar,M,12,1,Corrientes,Sucursal,0,3
1968,67,6480.32,Hogar,M,3,4,Salta,Online,1,3
1969,31,8334.68,Viaje,M,10,4,Salta,Sucursal,0,3
1970,54,12296.7,Auto,F,4,3,Entre Ríos,Sucursal,1,3
1971,69,2405.91,Auto,F,5,2,Buenos Aires,Teléfono,1,2
1972,41,16408.92,Vida,F,5,2,Corrientes,Online,0,2
1973,30,12426.11,Vida,F,9,2,Buenos Aires,Agente,0,1
1974,18,6784.74,Vida,M,1,0,Entre Ríos,Online,1,3
1975,29,8617.13,Viaje,M,3,0,Mendoza,Online,0,3
1976,68,17103.83,Salud,M,11,0,Salta,Sucursal,0,4
1977,59,14238.18,Vida,F,8,1,Salta,Online,1,4
1978,41,13332.45,Auto,F,14,3,Misiones,Online,0,5
1979,54,6124.38,Hogar,M,6,1,Córdoba,Online,0,1
1980,37,10724.49,Vida,F,8,3,Mendoza,Sucursal,0,3
1981,23,9593.58,Salud,F,5,3,Mendoza,Teléfono,0,3
1982,29,10925.16,Tecnología,M,10,1,Entre Ríos,Sucursal,0,4
1983,38,14157.93,Vida,M,6,1,Buenos Aires,Sucursal,0,2
1984,20,21152.78,Vida,M,8,0,Tucumán,Online,1,1
1985,44,9054.08,Auto,F,13,0,Mendoza,Online,0,3
1986,63,8537.14,Auto,M,11,6,Córdoba,Online,0,5
1987,70,10207.22,Auto,F,14,1,Tucumán,Teléfono,1,4
1988,53,14220.48,Auto,M,3,2,Misiones,Online,0,3
1989,34,8424.7,Hogar,M,8,3,Chaco,Agente,0,4
1990,66,9971.09,Hogar,M,14,2,Misiones,Online,1,1
1991,63,12644.25,Vida,F,2,1,Entre Ríos,Sucursal,0,3
1992,32,12148.36,Vida,M,13,2,Corrientes,Agente,0,4
1993,56,10139.7,Vida,F,11,1,Entre Ríos,Online,0,2
1994,21,8866.77,Hogar,F,13,1,Córdoba,Teléfono,0,2
1995,34,9744.71,Auto,F,10,2,Santa Fe,Online,1,4
1996,55,7734.87,Tecnología,M,11,1,Corrientes,Online,0,3
1997,28,12774.67,Auto,F,13,3,Chaco,Online,0,5
1998,29,12351.41,Viaje,M,7,1,Córdoba,Teléfono,1,2
1999,64,7538.91,Hogar,M,2,0,Entre Ríos,Online,0,3
2000,49,10916.03,Vida,F,2,0,Salta,Online,0,3
2001,44,8071.22,Auto,M,2,1,Corrientes,Agente,0,4
2002,61,11024.53,Auto,F,8,2,Mendoza,Online,0,2
2003,60,8254.13,Hogar,F,9,2,Mendoza,Sucursal,0,3
2004,44,13879.29,Salud,M,13,2,Santa Fe,Agente,0,2
2005,66,13594.98,Auto,M,2,0,Salta,Online,0,4
2006,57,4061.05,Vida,F,5,5,Santa Fe,Online,0,2
2007,61,11862.4,Auto,M,10,2,Misiones,Teléfono,0,1
2008,46,8309.53,Hogar,M,13,0,Mendoza,Online,1,3
2009,26,9395.95,Viaje,F,3,2,Mendoza,Online,0,3
2010,60,6682.95,Viaje,M,13,2,Córdoba,Sucursal,0,2
2011,20,15787.84,Vida,M,14,1,Córdoba,Teléfono,0,2
2012,56,12971.52,Auto,F,1,1,Entre Ríos,Online,0,4
2013,46,11922.97,Auto,M,11,1,Tucumán,Online,0,1
2014,38,9166.45,Tecnología,M,11,1,Santa Fe,Online,1,1
2015,52,8369.54,Auto,F,2,1,Salta,Online,1,2
2016,70,11131.32,Salud,Otro,4,4,Salta,Sucursal,0,5
2017,65,11531.09,Hogar,F,14,2,Buenos Aires,Online,0,1
2018,27,5934.54,Tecnología,M,9,1,Santa Fe,Sucursal,0,4
2019,40,13014.09,Hogar,F,3,1,Tucumán,Sucursal,0,4
2020,56,8751.02,Hogar,M,4,1,Entre Ríos,Online,0,3
2021,42,13751.16,Vida,F,12,2,Mendoza,Online,0,2
2022,41,11808.5,Tecnología,M,11,0,Chaco,Online,0,3
2023,37,6157.55,Tecnología,F,10,2,Santa Fe,Online,0,4
2024,32,13160.66,Salud,F,0,3,Salta,Sucursal,0,4
2025,38,16669.64,Salud,F,3,1,Salta,Sucursal,1,4
2026,70,15491.65,Vida,M,10,1,Misiones,Online,1,2
2027,59,12042.64,Salud,F,9,2,Mendoza,Sucursal,0,3
2028,29,7227.35,Viaje,M,2,3,Entre Ríos,Agente,0,2
2029,35,8767.16,Hogar,M,12,2,Corrientes,Online,0,3
2030,40,16805.53,Vida,M,14,1,Buenos Aires,Sucursal,1,3
2031,72,11512.91,Vida,F,14,1,Buenos Aires,Teléfono,1,2
2032,58,12533.88,Vida,M,1,0,Córdoba,Online,1,1
2033,46,7599.73,Viaje,F,6,0,Mendoza,Teléfono,0,2
2034,58,11343.87,Hogar,M,9,1,Salta,Agente,0,3
2035,53,10857.69,Auto,M,8,0,Mendoza,Online,0,4
2036,22,6711.42,Hogar,F,0,4,Salta,Teléfono,0,3
2037,56,7795.73,Auto,F,11,2,Córdoba,Online,0,4
2038,43,4433.49,Hogar,M,6,1,Misiones,Online,0,2
2039,56,6789.53,Viaje,F,10,2,Santa Fe,Sucursal,1,2
2040,28,14560.32,Vida,M,11,0,Entre Ríos,Online,1,2
2041,59,11668.46,Viaje,F,0,0,Buenos Aires,Sucursal,0,3
2042,28,12065.29,Auto,M,4,3,Chaco,Online,1,3
2043,73,10077.92,Viaje,F,0,0,Mendoza,Teléfono,0,4
2044,73,12018.78,Vida,Otro,2,1,Tucumán,Sucursal,1,3
2045,35,12381.02,Auto,M,7,4,Entre Ríos,Sucursal,1,3
2046,29,12920.41,Vida,M,12,4,Santa Fe,Online,0,1
2047,74,11548.9,Tecnología,F,14,3,Misiones,Online,0,1
2048,33,9959.28,Auto,M,3,0,Misiones,Online,0,1
2049,44,16504.78,Vida,F,11,1,Chaco,Teléfono,1,3
2050,53,10596.76,Viaje,F,0,0,Buenos Aires,Online,0,3
2051,34,12262.47,Auto,M,0,1,Córdoba,Sucursal,1,2
2052,66,5822.65,Vida,M,7,1,Córdoba,Online,0,3
2053,38,11702.97,Hogar,F,14,0,Santa Fe,Sucursal,0,3
2054,72,9401.23,Hogar,M,13,2,Córdoba,Sucursal,1,1
2055,54,10797.23,Vida,M,7,0,Buenos Aires,Sucursal,0,3
2056,48,6301.99,Auto,F,3,5,Tucumán,Sucursal,0,4
2057,62,13200.44,Salud,M,14,0,Salta,Sucursal,0,2
2058,52,10512.27,Auto,M,3,5,Entre Ríos,Teléfono,0,3
2059,44,6182.5,Hogar,F,9,0,Corrientes,Teléfono,0,2
2060,40,7311.84,Vida,M,10,0,Entre Ríos,Sucursal,0,4
2061,49,10706.55,Hogar,M,1,1,Córdoba,Teléfono,0,5
2062,34,11519.26,Hogar,M,1,0,Entre Ríos,Teléfono,1,3
2063,28,13545.99,Salud,F,11,2,Córdoba,Sucursal,0,2
2064,18,10869.38,Viaje,M,5,1,Córdoba,Online,1,3
2065,45,8355.64,Viaje,F,7,1,Salta,Sucursal,0,2
2066,35,11873.36,Vida,F,6,1,Salta,Online,0,1
2067,66,6696.69,Viaje,F,6,1,Chaco,Sucursal,0,3
2068,58,5169.46,Viaje,M,2,3,Tucumán,Sucursal,0,1
2069,37,14006.66,Hogar,M,11,3,Tucumán,Sucursal,0,2
2070,24,13251.08,Auto,F,1,2,Corrientes,Sucursal,0,4
2071,54,6610.59,Auto,F,9,1,Buenos Aires,Sucursal,1,3
2072,33,9719.38,Hogar,F,6,3,Mendoza,Online,0,1
2073,56,8434.89,Viaje,F,14,0,Buenos Aires,Online,0,3
2074,62,11429.53,Vida,M,3,3,Corrientes,Sucursal,0,5
2075,62,10990.7,Vida,M,0,0,Tucumán,Sucursal,1,1
2076,64,11588.49,Auto,M,0,2,Chaco,Teléfono,0,3
2077,40,12549.98,Auto,M,3,1,Buenos Aires,Online,1,4
2078,49,10495.98,Hogar,M,4,0,Santa Fe,Online,0,3
2079,66,7618.96,Tecnología,F,4,3,Buenos Aires,Sucursal,0,2
2080,34,8946.93,Hogar,F,0,0,Salta,Sucursal,0,2
2081,36,10567.84,Viaje,M,2,2,Corrientes,Online,1,4
2082,59,11764.47,Auto,M,5,3,Buenos Aires,Sucursal,0,5
2083,51,12446.24,Vida,M,9,2,Corrientes,Online,0,4
2084,31,11893.32,Vida,Otro,6,0,Santa Fe,Online,0,5
2085,72,9596.86,Viaje,M,10,0,Tucumán,Online,0,3
2086,20,8812.04,Auto,F,14,2,Tucumán,Sucursal,0,5
2087,56,12719.24,Auto,F,0,2,Córdoba,Teléfono,0,3
2088,42,7361.39,Auto,M,7,1,Santa Fe,Online,0,5
2089,28,7454.22,Viaje,M,3,3,Misiones,Online,1,2
2090,66,12240.55,Auto,F,12,2,Buenos Aires,Teléfono,0,4
2091,32,7104.57,Auto,M,8,0,Buenos Aires,Teléfono,0,2
2092,36,6947.72,Vida,M,10,1,Córdoba,Online,0,1
2093,60,12505.0,Vida,F,10,1,Chaco,Online,1,3
2094,32,6982.39,Salud,F,5,1,Salta,Online,0,3
2095,32,5497.69,Viaje,M,14,0,Mendoza,Online,0,1
2096,55,14708.94,Vida,M,0,1,Entre Ríos,Sucursal,0,5
2097,32,7959.24,Viaje,F,1,2,Salta,Agente,0,3
2098,26,17359.21,Salud,M,2,0,Misiones,Sucursal,0,5
2099,22,6806.76,Auto,M,1,0,Salta,Agente,0,5
2100,36,8248.61,Viaje,M,9,2,Córdoba,Sucursal,0,3
2101,41,13408.65,Vida,F,6,1,Santa Fe,Teléfono,1,2
2102,46,6533.71,Hogar,Otro,11,1,Misiones,Online,1,2
2103,22,15273.22,Vida,F,0,1,Entre Ríos,Online,0,3
2104,39,10666.7,Hogar,M,8,2,Salta,Teléfono,0,3
2105,30,5774.46,Auto,M,1,2,Tucumán,Online,1,3
2106,67,13137.91,Salud,F,3,0,Santa Fe,Online,1,3
2107,69,14640.85,Salud,F,7,2,Mendoza,Sucursal,0,2
2108,66,11194.8,Salud,M,10,3,Buenos Aires,Online,0,3
2109,64,6470.37,Auto,M,2,2,Tucumán,Sucursal,1,1
2110,63,8386.92,Tecnología,M,8,1,Entre Ríos,Online,0,4
2111,46,16440.92,Auto,F,6,4,Córdoba,Teléfono,1,1
2112,33,8362.54,Hogar,F,14,0,Chaco,Online,0,3
2113,53,14745.41,Auto,F,9,3,Corrientes,Sucursal,0,2
2114,34,8171.21,Auto,M,11,1,Salta,Online,0,4
2115,37,9908.86,Hogar,M,11,0,Corrientes,Teléfono,0,3
2116,31,14517.45,Vida,Otro,2,2,Santa Fe,Sucursal,0,2
2117,67,8751.07,Viaje,F,2,2,Córdoba,Online,1,3
2118,23,6834.53,Tecnología,M,14,4,Chaco,Online,0,5
2119,39,15531.45,Salud,F,4,0,Mendoza,Online,1,5
2120,57,14298.64,Hogar,M,4,2,Entre Ríos,Sucursal,0,2
2121,26,13912.06,Salud,F,9,0,Entre Ríos,Sucursal,0,4
2122,49,11283.79,Salud,F,4,4,Corrientes,Online,0,1
2123,41,8935.62,Hogar,M,11,4,Misiones,Sucursal,1,2
2124,50,21918.98,Salud,F,12,2,Corrientes,Teléfono,0,3
2125,30,9637.27,Hogar,M,8,1,Chaco,Online,0,2
2126,52,8033.97,Hogar,M,8,3,Chaco,Sucursal,1,4
2127,23,8208.53,Vida,M,5,2,Entre Ríos,Sucursal,0,5
2128,66,6425.82,Vida,Otro,10,3,Corrientes,Sucursal,1,1
2129,57,14442.54,Salud,F,10,0,Tucumán,Online,1,2
2130,47,11106.6,Hogar,F,6,3,Misiones,Online,0,3
2131,55,10960.74,Vida,M,9,0,Entre Ríos,Online,0,3
2132,33,8396.31,Viaje,M,7,2,Santa Fe,Sucursal,1,5
2133,18,5039.08,Tecnología,F,8,4,Salta,Sucursal,0,4
2134,59,10855.55,Auto,M,5,0,Santa Fe,Online,0,3
2135,35,11574.11,Auto,F,7,0,Salta,Online,0,2
2136,39,10350.72,Vida,F,1,1,Chaco,Online,0,4
2137,43,13656.13,Hogar,F,9,1,Misiones,Teléfono,1,2
2138,31,7907.95,Auto,F,7,2,Córdoba,Online,1,5
2139,73,10438.69,Hogar,F,14,2,Salta,Sucursal,1,1
2140,54,16109.11,Salud,F,12,2,Santa Fe,Teléfono,1,3
2141,66,12989.49,Salud,F,10,4,Entre Ríos,Teléfono,0,1
2142,31,8838.81,Hogar,F,1,0,Mendoza,Sucursal,1,3
2143,43,5857.83,Hogar,F,7,2,Tucumán,Online,0,3
2144,67,16781.36,Vida,M,1,3,Corrientes,Teléfono,0,3
2145,53,9962.8,Auto,F,2,1,Salta,Teléfono,1,4
2146,69,14136.43,Vida,F,6,0,Chaco,Teléfono,0,3
2147,40,12149.98,Auto,F,10,0,Córdoba,Online,1,2
2148,19,7619.25,Hogar,F,8,0,Mendoza,Online,0,4
2149,56,9066.18,Hogar,F,2,2,Mendoza,Sucursal,1,4
2150,24,16277.07,Vida,F,4,1,Salta,Agente,0,2
2151,56,8629.11,Vida,M,8,1,Mendoza,Teléfono,0,4
2152,62,14939.8,Hogar,M,6,1,Tucumán,Teléfono,0,5
2153,68,8531.6,Auto,M,13,1,Tucumán,Sucursal,0,3
2154,39,7046.33,Auto,M,1,4,Chaco,Online,0,2
2155,45,12580.0,Vida,F,4,0,Mendoza,Sucursal,1,3
2156,55,16522.96,Auto,F,4,1,Salta,Teléfono,0,3
2157,37,5014.85,Auto,M,8,1,Entre Ríos,Sucursal,0,3
2158,66,11901.7,Vida,F,1,0,Chaco,Agente,0,3
2159,74,15006.92,Salud,M,0,1,Misiones,Online,0,5
2160,35,9434.12,Hogar,F,3,3,Corrientes,Online,0,3
2161,74,10694.8,Hogar,M,3,2,Chaco,Agente,0,2
2162,41,6894.43,Viaje,M,0,2,Mendoza,Online,0,4
2163,50,7250.63,Viaje,M,9,3,Mendoza,Sucursal,1,3
2164,72,9348.94,Hogar,F,6,2,Corrientes,Teléfono,0,2
2165,62,9265.39,Salud,F,1,0,Tucumán,Online,0,3
2166,43,11984.76,Vida,M,10,2,Santa Fe,Teléfono,0,1
2167,36,6782.51,Tecnología,M,14,1,Córdoba,Online,0,5
2168,65,8474.89,Hogar,F,12,0,Córdoba,Teléfono,1,3
2169,59,14311.78,Salud,M,8,4,Misiones,Online,0,4
2170,30,6527.69,Salud,M,6,2,Chaco,Sucursal,0,2
2171,27,8697.27,Hogar,Otro,12,2,Salta,Sucursal,0,4
2172,31,21020.73,Salud,M,14,1,Misiones,Sucursal,1,3
2173,26,7173.2,Auto,F,12,1,Tucumán,Sucursal,0,3
2174,70,14135.13,Auto,M,11,2,Corrientes,Agente,0,5
2175,28,9416.64,Hogar,M,11,3,Buenos Aires,Teléfono,0,3
2176,20,6943.35,Viaje,M,13,0,Chaco,Agente,0,3
2177,57,7977.92,Vida,M,6,3,Santa Fe,Sucursal,0,1
2178,29,12443.96,Vida,Otro,14,1,Misiones,Sucursal,1,3
2179,52,16943.54,Vida,M,0,0,Buenos Aires,Online,0,4
2180,56,9389.67,Auto,F,13,1,Santa Fe,Agente,1,4
2181,63,9427.6,Hogar,M,8,0,Buenos Aires,Online,0,3
2182,56,16696.3,Salud,M,9,3,Buenos Aires,Online,0,5
2183,49,8371.74,Tecnología,F,8,2,Salta,Online,1,3
2184,56,6136.24,Auto,F,14,1,Mendoza,Online,0,3
2185,31,9557.22,Hogar,M,1,2,Corrientes,Agente,0,3
2186,61,14668.65,Auto,M,9,2,Mendoza,Online,1,3
2187,18,9978.42,Auto,M,8,0,Tucumán,Agente,1,3
2188,44,2586.28,Hogar,F,1,1,Santa Fe,Sucursal,1,3
2189,54,13501.7,Vida,Otro,12,0,Córdoba,Teléfono,1,5
2190,60,9954.25,Auto,F,1,1,Corrientes,Sucursal,0,2
2191,18,5049.99,Auto,F,12,3,Chaco,Online,0,2
2192,72,7442.77,Salud,F,12,2,Entre Ríos,Sucursal,1,1
2193,62,9770.22,Tecnología,M,12,1,Corrientes,Sucursal,1,3
2194,46,7629.04,Hogar,F,7,1,Mendoza,Online,0,3
2195,41,9160.64,Vida,F,2,3,Córdoba,Online,0,1
2196,72,10521.99,Auto,M,13,1,Misiones,Online,0,3
2197,34,6990.54,Viaje,F,14,0,Chaco,Online,0,3
2198,52,12545.16,Vida,M,2,2,Mendoza,Sucursal,0,4
2199,48,12370.48,Salud,M,6,2,Tucumán,Online,1,5
2200,59,7190.01,Auto,M,14,2,Corrientes,Teléfono,0,3
2201,49,10528.61,Vida,F,9,0,Salta,Agente,0,2
2202,36,13498.94,Vida,M,5,1,Mendoza,Online,0,1
2203,48,10495.28,Auto,F,6,0,Córdoba,Sucursal,0,4
2204,56,10234.65,Auto,M,5,1,Tucumán,Online,0,3
2205,37,18366.5,Vida,M,13,0,Buenos Aires,Online,0,2
2206,45,15608.63,Salud,F,8,3,Entre Ríos,Teléfono,0,2
2207,20,12444.21,Auto,F,1,2,Misiones,Online,0,4
2208,49,11650.6,Vida,F,7,2,Santa Fe,Online,0,3
2209,39,10895.4,Auto,F,10,3,Salta,Online,0,3
2210,61,9324.48,Auto,M,5,0,Misiones,Teléfono,1,2
2211,71,14937.03,Vida,M,14,0,Mendoza,Sucursal,1,3
2212,59,9314.0,Hogar,F,13,2,Salta,Agente,1,4
2213,70,10255.94,Hogar,M,14,1,Santa Fe,Agente,0,4
2214,61,10011.53,Hogar,M,3,4,Misiones,Online,0,4
2215,32,11960.95,Vida,M,5,2,Entre Ríos,Online,0,3
2216,55,16895.47,Hogar,F,5,3,Entre Ríos,Online,1,3
2217,36,6226.76,Tecnología,M,11,0,Mendoza,Sucursal,0,3
2218,48,7790.72,Hogar,M,9,1,Salta,Sucursal,1,2
2219,43,15459.34,Salud,M,2,2,Chaco,Online,0,4
2220,22,8483.29,Auto,F,7,2,Salta,Online,0,3
2221,74,11492.92,Vida,F,4,4,Salta,Online,0,3
2222,37,8539.16,Vida,M,10,3,Mendoza,Teléfono,1,5
2223,19,10418.89,Hogar,M,9,1,Chaco,Agente,0,5
2224,38,10640.64,Hogar,M,10,1,Corrientes,Online,0,3
2225,68,9713.22,Auto,F,3,1,Chaco,Online,1,1
2226,68,12545.74,Auto,M,13,2,Misiones,Online,0,3
2227,53,5320.16,Auto,F,13,0,Salta,Teléfono,0,5
2228,45,10576.02,Salud,F,12,1,Córdoba,Agente,0,2
2229,37,12375.07,Salud,M,1,1,Mendoza,Online,0,5
2230,54,7216.22,Auto,F,13,1,Mendoza,Online,0,1
2231,56,5188.22,Hogar,F,9,2,Chaco,Online,1,3
2232,53,9583.29,Auto,M,0,0,Tucumán,Sucursal,0,3
2233,28,12088.56,Auto,M,14,2,Mendoza,Sucursal,1,2
2234,72,17807.38,Salud,F,12,1,Chaco,Sucursal,0,5
2235,74,10661.31,Vida,M,6,0,Santa Fe,Agente,0,3
2236,20,12116.34,Auto,F,9,0,Córdoba,Online,1,2
2237,54,12190.5,Auto,F,10,0,Mendoza,Teléfono,0,3
2238,37,17235.13,Salud,F,2,1,Buenos Aires,Online,1,4
2239,49,9426.97,Auto,F,2,1,Buenos Aires,Online,1,2
2240,64,5143.75,Hogar,Otro,2,1,Tucumán,Teléfono,0,4
2241,42,12348.1,Vida,F,9,3,Buenos Aires,Agente,0,2
2242,38,8785.18,Vida,M,11,1,Mendoza,Teléfono,0,2
2243,67,7861.24,Hogar,M,12,4,Chaco,Teléfono,1,2
2244,33,7752.26,Viaje,Otro,2,1,Chaco,Teléfono,0,2
2245,65,9617.95,Auto,F,1,4,Córdoba,Online,0,3
2246,59,13685.46,Salud,M,5,2,Santa Fe,Teléfono,0,5
2247,18,12013.68,Auto,M,13,4,Santa Fe,Teléfono,0,1
2248,40,10904.86,Vida,F,9,0,Buenos Aires,Sucursal,0,2
2249,60,9590.32,Viaje,F,2,3,Santa Fe,Sucursal,0,2
2250,66,9697.04,Hogar,F,0,3,Chaco,Teléfono,1,3
2251,41,16284.24,Salud,M,9,1,Salta,Teléfono,0,4
2252,64,12579.93,Salud,M,12,1,Tucumán,Online,0,4
2253,42,10102.95,Auto,F,12,3,Corrientes,Teléfono,0,1
2254,24,11529.6,Salud,M,8,0,Misiones,Teléfono,1,3
2255,74,8474.94,Viaje,F,5,2,Entre Ríos,Online,0,3
2256,55,9703.66,Vida,M,5,3,Salta,Teléfono,0,3
2257,64,8112.86,Auto,F,9,4,Tucumán,Online,0,3
2258,64,12673.35,Auto,M,8,2,Tucumán,Online,0,4
2259,56,7481.2,Auto,F,1,2,Corrientes,Sucursal,0,3
2260,52,9542.42,Auto,F,9,1,Misiones,Agente,0,2
2261,31,15309.87,Vida,M,8,0,Corrientes,Online,0,3
2262,26,9190.08,Auto,F,13,2,Salta,Teléfono,0,3
2263,20,12379.04,Auto,M,14,2,Mendoza,Sucursal,1,2
2264,55,8072.39,Hogar,M,11,3,Mendoza,Teléfono,0,3
2265,37,6742.09,Hogar,F,2,0,Mendoza,Teléfono,1,4
2266,58,7096.82,Vida,M,2,1,Salta,Teléfono,0,3
2267,50,17694.53,Salud,F,2,1,Buenos Aires,Teléfono,1,3
2268,58,7353.6,Auto,F,0,1,Misiones,Teléfono,0,4
2269,61,12564.77,Auto,F,9,1,Córdoba,Online,0,4
2270,49,7640.14,Auto,Otro,14,0,Córdoba,Online,1,3
2271,53,12823.46,Hogar,F,6,5,Tucumán,Online,0,3
2272,43,16398.66,Auto,M,9,0,Mendoza,Teléfono,0,4
2273,65,7347.14,Salud,Otro,12,0,Santa Fe,Online,1,2
2274,22,7136.92,Auto,F,6,1,Tucumán,Online,1,3
2275,66,10499.55,Viaje,M,1,1,Entre Ríos,Teléfono,0,2
2276,47,10752.61,Hogar,M,5,0,Corrientes,Teléfono,0,5
2277,34,11282.3,Hogar,F,3,1,Córdoba,Teléfono,0,1
2278,23,10821.85,Salud,F,10,1,Salta,Online,1,2
2279,32,19876.38,Salud,F,6,2,Mendoza,Online,0,3
2280,18,12263.66,Vida,M,13,1,Córdoba,Online,1,4
2281,30,5661.83,Viaje,M,13,3,Buenos Aires,Online,0,3
2282,65,9017.13,Hogar,F,6,0,Chaco,Online,0,4
2283,51,8897.51,Salud,F,14,1,Tucumán,Online,0,3
2284,47,13447.35,Hogar,M,3,0,Corrientes,Online,0,3
2285,36,10648.84,Salud,F,2,1,Córdoba,Sucursal,0,4
2286,72,11974.33,Auto,M,6,1,Chaco,Online,0,1
2287,19,8795.65,Auto,F,8,6,Santa Fe,Online,0,5
2288,70,10399.99,Vida,M,3,2,Entre Ríos,Teléfono,0,4
2289,74,5386.8,Auto,M,5,0,Córdoba,Teléfono,0,5
2290,61,12154.98,Auto,F,6,3,Entre Ríos,Teléfono,0,4
2291,29,12537.95,Hogar,F,9,1,Mendoza,Sucursal,1,4
2292,57,9293.1,Vida,M,2,1,Corrientes,Agente,0,2
2293,61,5233.24,Viaje,F,4,1,Buenos Aires,Agente,0,3
2294,41,14720.78,Vida,F,11,0,Tucumán,Sucursal,1,3
2295,28,7118.16,Salud,M,13,1,Mendoza,Sucursal,0,2
2296,19,15853.48,Vida,F,0,1,Chaco,Online,1,4
2297,18,7592.91,Auto,F,5,1,Buenos Aires,Teléfono,0,2
2298,74,7605.95,Auto,M,4,1,Córdoba,Sucursal,0,1
2299,45,12957.51,Vida,M,6,2,Tucumán,Agente,0,4
2300,21,6614.65,Hogar,F,14,2,Corrientes,Sucursal,0,5
2301,58,8535.44,Auto,M,8,3,Corrientes,Agente,0,4
2302,47,10354.95,Hogar,M,10,3,Córdoba,Teléfono,0,4
2303,24,4045.39,Vida,M,3,2,Buenos Aires,Agente,1,3
2304,39,13496.05,Hogar,F,8,3,Salta,Online,0,4
2305,43,13182.74,Salud,F,12,2,Corrientes,Online,0,3
2306,46,8534.61,Salud,M,5,1,Mendoza,Teléfono,0,5
2307,42,9459.65,Salud,M,4,0,Tucumán,Teléfono,1,2
2308,27,9453.3,Tecnología,M,1,2,Santa Fe,Online,0,4
2309,37,11922.89,Auto,F,0,2,Corrientes,Teléfono,0,3
2310,31,16517.04,Vida,M,7,0,Salta,Sucursal,1,3
2311,50,7063.83,Viaje,M,11,2,Mendoza,Online,1,4
2312,22,12883.9,Vida,F,11,1,Salta,Sucursal,0,4
2313,62,14712.99,Salud,F,5,2,Tucumán,Agente,1,4
2314,23,10968.17,Hogar,M,13,3,Córdoba,Sucursal,0,2
2315,39,15753.66,Vida,M,6,2,Mendoza,Teléfono,1,2
2316,34,8267.52,Auto,F,5,1,Córdoba,Online,0,1
2317,32,7291.66,Tecnología,M,9,0,Tucumán,Teléfono,1,2
2318,56,11024.48,Salud,M,12,2,Santa Fe,Agente,1,2
2319,57,8551.62,Viaje,M,13,3,Salta,Sucursal,0,4
2320,45,14419.9,Vida,M,6,2,Tucumán,Online,0,3
2321,70,6051.4,Auto,M,8,1,Córdoba,Sucursal,0,4
2322,19,13140.77,Auto,F,13,3,Corrientes,Agente,0,3
2323,35,5886.84,Viaje,F,4,1,Chaco,Online,0,3
2324,44,8671.57,Hogar,M,0,2,Salta,Sucursal,1,2
2325,38,13700.84,Auto,F,0,1,Misiones,Online,0,4
2326,40,13166.03,Vida,M,8,3,Santa Fe,Sucursal,0,4
2327,24,10088.82,Hogar,M,4,2,Mendoza,Sucursal,0,3
2328,69,8552.96,Vida,F,13,4,Chaco,Agente,0,3
2329,65,7039.79,Hogar,M,12,2,Entre Ríos,Sucursal,0,2
2330,36,15119.08,Vida,M,12,3,Chaco,Sucursal,0,4
2331,26,7034.43,Viaje,F,10,2,Misiones,Teléfono,1,4
2332,29,8828.99,Auto,F,14,1,Chaco,Online,1,3
2333,63,12039.88,Hogar,M,12,4,Chaco,Sucursal,1,2
2334,47,6845.22,Hogar,F,1,2,Salta,Teléfono,1,2
2335,24,7978.47,Tecnología,M,14,2,Córdoba,Online,0,1
2336,19,9297.27,Hogar,F,2,1,Entre Ríos,Online,1,1
2337,34,9333.29,Hogar,F,0,3,Mendoza,Sucursal,0,2
2338,28,10295.08,Vida,F,5,3,Santa Fe,Online,0,2
2339,67,8220.36,Hogar,M,11,2,Mendoza,Online,0,3
2340,29,5333.27,Tecnología,F,5,1,Mendoza,Agente,0,3
2341,20,9385.99,Viaje,F,2,3,Santa Fe,Sucursal,0,3
2342,38,9908.52,Vida,M,14,1,Misiones,Teléfono,0,3
2343,31,15158.42,Vida,F,2,1,Santa Fe,Online,0,3
2344,32,9602.47,Auto,F,6,1,Córdoba,Agente,0,3
2345,68,8940.03,Vida,F,14,0,Buenos Aires,Teléfono,1,2
2346,59,12357.66,Salud,F,0,0,Buenos Aires,Teléfono,0,4
2347,58,8552.86,Hogar,M,4,2,Tucumán,Online,1,5
2348,27,12945.04,Auto,F,12,2,Tucumán,Sucursal,0,3
2349,69,7959.75,Viaje,F,2,2,Misiones,Sucursal,0,1
2350,72,9029.47,Hogar,M,4,1,Mendoza,Teléfono,0,4
2351,53,16817.53,Vida,M,10,1,Tucumán,Teléfono,1,5
2352,68,11977.74,Auto,M,13,3,Salta,Online,0,1
2353,27,13426.77,Hogar,M,3,0,Corrientes,Agente,0,1
2354,34,17346.65,Salud,M,5,2,Entre Ríos,Agente,0,4
2355,61,7392.09,Hogar,M,11,1,Misiones,Sucursal,0,3
2356,42,15337.34,Vida,M,8,1,Salta,Online,0,5
2357,44,14534.59,Auto,M,1,2,Buenos Aires,Teléfono,1,2
2358,50,13332.03,Hogar,M,9,3,Chaco,Sucursal,0,4
2359,28,10603.22,Viaje,F,7,1,Córdoba,Teléfono,0,1
2360,30,15144.45,Vida,M,13,4,Misiones,Teléfono,0,2
2361,18,7599.02,Viaje,M,12,2,Entre Ríos,Online,0,5
2362,48,6695.89,Viaje,M,1,1,Entre Ríos,Sucursal,1,2
2363,50,7807.51,Viaje,F,3,4,Corrientes,Sucursal,1,2
2364,38,4734.23,Viaje,F,8,1,Corrientes,Agente,0,4
2365,33,13922.69,Auto,F,3,2,Tucumán,Online,0,2
2366,56,8022.59,Viaje,M,6,1,Chaco,Online,1,1
2367,40,13851.16,Auto,F,10,0,Corrientes,Teléfono,0,3
2368,27,6783.38,Auto,F,4,1,Buenos Aires,Online,0,3
2369,65,13527.22,Auto,F,12,1,Santa Fe,Sucursal,1,4
2370,50,8262.8,Hogar,F,1,1,Misiones,Online,0,4
2371,39,7915.8,Vida,M,7,2,Buenos Aires,Sucursal,0,3
2372,58,13647.8,Hogar,M,10,1,Chaco,Sucursal,0,3
2373,23,13175.11,Auto,F,9,1,Salta,Sucursal,1,3
2374,64,10169.48,Hogar,M,14,3,Corrientes,Agente,0,4
2375,53,9614.84,Hogar,F,9,0,Tucumán,Online,0,4
2376,64,14778.29,Salud,F,1,2,Salta,Online,1,5
2377,27,10705.23,Auto,M,2,1,Tucumán,Sucursal,1,5
2378,74,8461.24,Auto,M,9,0,Misiones,Sucursal,0,3
2379,33,9096.86,Auto,M,6,1,Córdoba,Sucursal,0,3
2380,30,14201.79,Hogar,F,4,1,Corrientes,Online,0,3
2381,68,21064.51,Vida,M,9,1,Salta,Agente,0,2
2382,37,13276.67,Hogar,F,10,2,Mendoza,Sucursal,0,1
2383,21,10405.56,Hogar,F,2,0,Santa Fe,Online,1,4
2384,37,8525.63,Hogar,F,11,0,Tucumán,Sucursal,0,3
2385,39,7394.54,Hogar,M,1,1,Córdoba,Online,0,3
2386,46,6195.43,Tecnología,F,10,2,Santa Fe,Online,0,3
2387,33,8708.51,Auto,F,5,0,Entre Ríos,Online,0,4
2388,60,20729.07,Salud,M,9,1,Buenos Aires,Online,1,2
2389,64,19561.99,Salud,F,0,1,Córdoba,Online,1,3
2390,60,12552.27,Auto,F,7,0,Santa Fe,Sucursal,0,3
2391,40,5678.78,Tecnología,F,4,3,Corrientes,Sucursal,0,4
2392,47,16195.7,Salud,F,4,2,Entre Ríos,Sucursal,0,3
2393,74,11664.5,Vida,M,13,1,Mendoza,Online,0,5
2394,47,4087.48,Hogar,M,1,1,Chaco,Agente,0,3
2395,60,13233.08,Vida,F,6,1,Chaco,Teléfono,0,5
2396,20,7784.74,Auto,F,4,4,Buenos Aires,Agente,0,4
2397,73,8407.86,Auto,M,7,3,Tucumán,Online,0,3
2398,41,12133.57,Salud,M,4,3,Buenos Aires,Sucursal,0,3
2399,66,7638.77,Viaje,M,14,2,Entre Ríos,Online,0,3
2400,54,10345.8,Auto,F,8,4,Mendoza,Teléfono,0,4
2401,30,12611.84,Salud,F,4,0,Chaco,Online,1,3
2402,59,6624.67,Salud,Otro,12,0,Chaco,Online,0,3
2403,49,14570.76,Auto,M,2,0,Misiones,Sucursal,1,3
2404,54,7081.56,Hogar,F,12,1,Salta,Sucursal,0,4
2405,29,6909.0,Hogar,F,1,0,Entre Ríos,Sucursal,0,1
2406,25,11700.07,Salud,F,4,3,Entre Ríos,Online,0,1
2407,41,12630.82,Salud,F,9,1,Tucumán,Sucursal,0,1
2408,61,14522.2,Auto,M,12,2,Entre Ríos,Agente,1,2
2409,33,12905.63,Vida,M,9,3,Misiones,Teléfono,0,3
2410,49,15072.62,Salud,F,4,4,Mendoza,Sucursal,0,4
2411,51,14070.88,Salud,F,5,0,Córdoba,Sucursal,0,3
2412,52,11056.52,Auto,M,1,0,Chaco,Online,0,1
2413,49,13196.62,Vida,F,4,0,Entre Ríos,Online,0,3
2414,67,4421.34,Viaje,M,14,1,Salta,Online,0,5
2415,34,8715.2,Hogar,M,0,2,Entre Ríos,Sucursal,0,3
2416,19,12095.65,Hogar,M,2,0,Santa Fe,Teléfono,1,5
2417,43,26828.16,Salud,M,2,1,Salta,Sucursal,0,2
2418,71,7298.15,Auto,M,2,3,Corrientes,Online,0,2
2419,61,9661.93,Viaje,Otro,14,2,Entre Ríos,Sucursal,0,4
2420,34,7912.38,Hogar,F,2,2,Entre Ríos,Online,1,3
2421,55,16081.04,Auto,M,7,1,Tucumán,Teléfono,1,4
2422,66,6837.09,Auto,F,14,0,Santa Fe,Online,0,4
2423,19,11808.58,Auto,F,0,1,Córdoba,Sucursal,0,2
2424,25,6280.17,Auto,F,5,1,Entre Ríos,Sucursal,0,3
2425,63,11294.65,Vida,M,5,1,Mendoza,Online,0,3
2426,23,10035.64,Auto,F,0,5,Córdoba,Online,0,4
2427,26,10766.81,Viaje,M,12,2,Chaco,Sucursal,0,3
2428,18,8379.2,Vida,M,0,1,Córdoba,Online,1,1
2429,22,10878.46,Hogar,F,2,2,Salta,Sucursal,0,3
2430,56,9606.94,Hogar,M,14,4,Mendoza,Teléfono,0,5
2431,26,12846.57,Vida,M,7,0,Misiones,Online,0,1
2432,31,11705.83,Hogar,M,5,1,Tucumán,Sucursal,1,2
2433,44,6812.97,Auto,F,3,1,Mendoza,Agente,0,3
2434,26,10183.84,Viaje,M,4,0,Chaco,Sucursal,0,4
2435,53,8107.74,Hogar,M,9,0,Santa Fe,Agente,0,3
2436,46,13373.65,Auto,F,13,2,Misiones,Online,0,2
2437,37,13157.31,Vida,F,2,0,Chaco,Teléfono,0,3
2438,32,11339.03,Vida,F,14,4,Chaco,Sucursal,0,1
2439,53,8807.43,Auto,M,13,4,Corrientes,Teléfono,0,2
2440,20,15681.54,Salud,F,14,2,Tucumán,Online,0,3
2441,73,16528.09,Vida,F,10,4,Buenos Aires,Online,0,3
2442,70,10668.23,Vida,M,10,0,Corrientes,Online,0,3
2443,40,6567.48,Hogar,F,5,0,Misiones,Agente,0,2
2444,71,9298.42,Tecnología,M,5,2,Córdoba,Sucursal,0,3
2445,63,6546.54,Auto,F,5,3,Buenos Aires,Agente,1,4
2446,26,7717.09,Vida,M,8,0,Salta,Online,1,3
2447,47,6813.25,Hogar,F,13,2,Buenos Aires,Online,1,3
2448,36,11505.92,Salud,M,14,1,Corrientes,Online,0,2
2449,55,6775.09,Auto,M,9,1,Corrientes,Sucursal,0,1
2450,20,4768.3,Auto,M,12,2,Corrientes,Teléfono,0,4
2451,67,9295.95,Salud,M,10,1,Entre Ríos,Online,0,3
2452,65,11256.19,Hogar,F,7,0,Entre Ríos,Agente,0,3
2453,20,6021.14,Hogar,F,5,0,Buenos Aires,Online,0,4
2454,51,11104.13,Vida,M,1,3,Corrientes,Sucursal,0,4
2455,19,19603.45,Salud,M,3,0,Tucumán,Teléfono,0,4
2456,44,10204.77,Auto,M,14,2,Santa Fe,Online,1,3
2457,40,11241.96,Auto,F,5,1,Córdoba,Online,0,2
2458,59,5897.92,Tecnología,M,8,1,Tucumán,Online,0,5
2459,49,19221.3,Vida,Otro,10,0,Tucumán,Online,0,5
2460,64,8286.76,Hogar,F,1,1,Córdoba,Agente,1,2
2461,52,12321.64,Salud,M,14,0,Salta,Agente,1,4
2462,57,16550.44,Vida,F,5,1,Entre Ríos,Teléfono,0,3
2463,35,9750.23,Auto,M,9,1,Buenos Aires,Teléfono,0,3
2464,44,10471.69,Auto,F,10,3,Santa Fe,Online,1,2
2465,28,8575.78,Hogar,F,9,0,Mendoza,Online,0,3
2466,56,8041.63,Viaje,F,9,2,Córdoba,Teléfono,1,2
2467,36,11278.89,Auto,Otro,6,0,Corrientes,Sucursal,0,3
2468,42,11840.6,Auto,M,13,0,Tucumán,Sucursal,0,2
2469,24,6892.69,Viaje,F,13,2,Mendoza,Teléfono,1,3
2470,48,8273.28,Auto,Otro,14,2,Córdoba,Sucursal,0,3
2471,74,10460.31,Vida,M,7,2,Buenos Aires,Online,0,4
2472,19,6236.55,Auto,M,12,0,Chaco,Teléfono,0,2
2473,55,7081.1,Vida,F,8,1,Córdoba,Sucursal,1,4
2474,22,9962.92,Hogar,F,4,4,Mendoza,Teléfono,0,3
2475,31,12791.14,Auto,M,8,1,Corrientes,Sucursal,0,4
2476,35,14880.89,Vida,F,8,2,Tucumán,Online,0,3
2477,53,4488.53,Vida,M,12,1,Córdoba,Online,1,4
2478,21,11113.54,Vida,F,14,2,Corrientes,Teléfono,0,3
2479,41,8528.2,Vida,F,10,4,Misiones,Sucursal,0,3
2480,30,12467.14,Vida,F,6,2,Córdoba,Sucursal,0,3
2481,72,11062.07,Vida,Otro,1,1,Salta,Sucursal,1,5
2482,38,14003.71,Vida,F,7,2,Entre Ríos,Sucursal,1,4
2483,74,12377.76,Vida,F,11,2,Salta,Online,0,3
2484,50,6038.0,Vida,M,4,0,Mendoza,Online,1,2
2485,37,8926.98,Vida,M,12,2,Buenos Aires,Online,0,4
2486,22,10135.91,Auto,M,10,1,Córdoba,Online,0,5
2487,41,10557.81,Auto,M,7,1,Corrientes,Sucursal,1,2
2488,52,6554.39,Auto,F,1,1,Corrientes,Online,0,5
2489,47,5112.96,Viaje,F,13,2,Salta,Online,0,2
2490,45,13246.85,Salud,M,6,2,Chaco,Online,1,5
2491,70,7838.08,Vida,M,4,2,Santa Fe,Online,0,4
2492,68,5991.27,Auto,M,3,2,Entre Ríos,Agente,0,3
2493,62,9295.86,Auto,F,9,1,Misiones,Online,1,3
2494,24,7240.99,Viaje,F,12,2,Mendoza,Sucursal,0,3
2495,59,6713.6,Viaje,F,5,2,Entre Ríos,Online,0,3
2496,52,8484.73,Auto,M,4,4,Entre Ríos,Teléfono,0,5
2497,72,13368.43,Salud,F,5,0,Corrientes,Agente,0,4
2498,47,7669.59,Hogar,F,8,1,Misiones,Sucursal,0,3
2499,51,9686.74,Hogar,F,0,0,Santa Fe,Teléfono,0,5
2500,56,11828.36,Salud,F,12,2,Buenos Aires,Online,0,3
2501,26,12504.87,Vida,F,10,2,Chaco,Online,1,4
